file_name,category
dish_100_IMG_8463_jpeg.rf.12dff1eff06891929b113d0008f31c25.jpg,Train
dish_100_IMG_8464_jpeg.rf.1f908f42dfc47bff5416f085aa129db2.jpg,Train
dish_100_IMG_8476_jpeg.rf.781889f8adc708e5f3b1f166d5efecd8.jpg,Train
dish_100_IMG_8484_jpeg.rf.30f33b8a695429ce2cf377655067db5d.jpg,Train
dish_101_IMG_8502_jpeg.rf.fca3d8ea24fd1fc016dd15d28baa64e2.jpg,Train
dish_101_IMG_8505_jpeg.rf.c4d631910d5d54dc1925da9d4fe58e6f.jpg,Train
dish_101_IMG_8511_jpeg.rf.c6ea145bcc9872bfd5953a66295c8887.jpg,Train
dish_101_IMG_8518_jpeg.rf.163bcc439d7954c6f5156a526df895b7.jpg,Train
dish_102_IMG_8539_jpeg.rf.9c29cb0330d4d33456c75811261d40b8.jpg,Train
dish_102_IMG_8544_jpeg.rf.d7b1d4b911b17d68776768fc29f87f76.jpg,Train
dish_102_IMG_8556_jpeg.rf.a056eddaae295a86d44af76d360015fd.jpg,Train
dish_102_IMG_8562_jpeg.rf.5900f846f866393bc82ad1896876a493.jpg,Train
dish_103_IMG_8586_jpeg.rf.573e52a28ec4446d2092dba9dd1fd227.jpg,Train
dish_103_IMG_8591_jpeg.rf.d1a8b7b52e33fa2d006dd3233ebf0b35.jpg,Train
dish_103_IMG_8593_jpeg.rf.2b5be343a9b8d3b802916b1a6489d8a0.jpg,Train
dish_103_IMG_8604_jpeg.rf.a3e978af4819414eefdd98cca0ab25ac.jpg,Train
dish_104_IMG_8614_jpeg.rf.4f0651a8e463f0daecf0f60e7b8828df.jpg,Train
dish_104_IMG_8625_jpeg.rf.d3aebcadf90ad8d2a763ef124839e4cf.jpg,Train
dish_104_IMG_8641_jpeg.rf.8a80c5114b59ac4e7b1709c46ce85415.jpg,Train
dish_104_IMG_8642_jpeg.rf.82ab87eed512920dfe23c54f0cb87dad.jpg,Train
dish_105_IMG_8657_jpeg.rf.4eab6f4d3c8f351fd8df2cc4ce40ac24.jpg,Train
dish_105_IMG_8658_jpeg.rf.b3f07254f8ab2155257fbdb141e2bbec.jpg,Train
dish_105_IMG_8670_jpeg.rf.9f15f9447489c11e4db42c67e1af5053.jpg,Train
dish_105_IMG_8674_jpeg.rf.e4e59532e0c7f30b941cf149e55de969.jpg,Train
dish_106_IMG_8689_jpeg.rf.f572737e25d083679d4a074e28505d5a.jpg,Train
dish_106_IMG_8698_jpeg.rf.6eb8f0863479c96d1051b08462d63815.jpg,Train
dish_106_IMG_8705_jpeg.rf.d898793e7137142e7d38a9517f4c1a85.jpg,Train
dish_106_IMG_8708_jpeg.rf.af2d877c5e2973386bdbfdc65a7817f2.jpg,Train
dish_107_IMG_8738_jpeg.rf.0f88b3faf3c92d502c8e73cc2b294833.jpg,Val
dish_107_IMG_8740_jpeg.rf.a6374540216a85ed4e40f09eed06affc.jpg,Val
dish_107_IMG_8747_jpeg.rf.5f2bc51fa646ab9be42d31af199d69bd.jpg,Val
dish_107_IMG_8749_jpeg.rf.d71ecf51654c5d704f19e7242240c9be.jpg,Val
dish_108_IMG_8762_jpeg.rf.156a52782a5e04d6e499d2c2a5e95afb.jpg,Train
dish_108_IMG_8763_jpeg.rf.f229dccf6c5aa9d3a2da07832d31ae39.jpg,Train
dish_108_IMG_8780_jpeg.rf.2b0cad313e5cec4c40d5212ebdbeb19e.jpg,Train
dish_108_IMG_8790_jpeg.rf.0101d728082a332d4950459c652daafb.jpg,Train
dish_109_IMG_8797_jpeg.rf.58a6a3f3aec3ad5d01a324b3b035a920.jpg,Val
dish_109_IMG_8811_jpeg.rf.0b72b666ae71d3fef84925e88874037d.jpg,Val
dish_109_IMG_8813_jpeg.rf.e50d3bee2c3c87da03c1a128286c4688.jpg,Val
dish_109_IMG_8823_jpeg.rf.617b4ddca8cbecc5dd3aea6ddd66469a.jpg,Val
dish_110_IMG_8838_jpeg.rf.f72c4dbc388e9772fb7e73bc4b777545.jpg,Train
dish_110_IMG_8839_jpeg.rf.36d9910559a457784952ce01f6f16850.jpg,Train
dish_110_IMG_8846_jpeg.rf.ebc2b35d4ce53587354066bfcb308ea7.jpg,Train
dish_110_IMG_8858_jpeg.rf.182840ab9fc0d7bf79b88265bfeebb19.jpg,Train
dish_111_IMG_8869_jpeg.rf.9c2d6e715f9a5bede83d0655797d805b.jpg,Train
dish_111_IMG_8870_jpeg.rf.780ae93f24cce8b8ee6df183c0d30178.jpg,Train
dish_111_IMG_8893_jpeg.rf.d02f2efb29de5f1028d048bc73780619.jpg,Train
dish_111_IMG_8895_jpeg.rf.e44eb6d721aa21e322abff0c6b461f66.jpg,Train
dish_112_IMG_8905_jpeg.rf.0a87c7e5b0f79d99f795ff77d6113829.jpg,Train
dish_112_IMG_8908_jpeg.rf.425531823a87c86decb1aa123ff0509c.jpg,Train
dish_112_IMG_8909_jpeg.rf.172b73359f74164a08b8e6b1b9ab921d.jpg,Train
dish_112_IMG_8910_jpeg.rf.26c33be4f773f5078e95e391731aed85.jpg,Train
dish_113_IMG_8942_jpeg.rf.43c56f902329233f7ae1b37cf56d9d2a.jpg,Train
dish_113_IMG_8948_jpeg.rf.3138a702173df5492aedf50c34e6f40b.jpg,Train
dish_113_IMG_8950_jpeg.rf.56d9c342a019d4945cccf7dfda2499af.jpg,Train
dish_113_IMG_8955_jpeg.rf.00bda5d0d6d0449225c04e61e80a0236.jpg,Train
dish_114_IMG_8979_jpeg.rf.96798fa05cc66d138d15b2d11dce4c3e.jpg,Train
dish_114_IMG_8980_jpeg.rf.1411b1668cd6ecf477335ff1cf3837e3.jpg,Train
dish_114_IMG_8982_jpeg.rf.395ab541bfe24f72852d88096216bfe7.jpg,Train
dish_114_IMG_8993_jpeg.rf.bd592962fc137b087dfcf6f5df39538d.jpg,Train
dish_115_IMG_9014_jpeg.rf.7b88d5e1d5b1cc9772e360fd3a4cf287.jpg,Train
dish_115_IMG_9015_jpeg.rf.e52fcac380fb883fbb295c075dd6a3db.jpg,Train
dish_115_IMG_9019_jpeg.rf.b4518eb388b7f1c7f726dcb45b474e69.jpg,Train
dish_115_IMG_9026_jpeg.rf.6bd9469977d5a1ddee8a1a7a9ddf50bf.jpg,Train
dish_116_IMG_9048_jpeg.rf.da27c8dc7f2df450a7b8aeb86b3f545b.jpg,Train
dish_116_IMG_9052_jpeg.rf.ffb10ac0a36da2dd96dead212d1c503f.jpg,Train
dish_116_IMG_9060_jpeg.rf.f55998b3df61f217dabdcee11546cca8.jpg,Train
dish_116_IMG_9076_jpeg.rf.125df796c93ccfc1c7d0bf76731b6024.jpg,Train
dish_117_IMG_6650_jpeg.rf.635f7f8a7faf4f2878912fcf49c26d77.jpg,Train
dish_117_IMG_6653_jpeg.rf.d4fc759ae12157bc06246b92fe089946.jpg,Train
dish_117_IMG_6659_jpeg.rf.068747b08ed6d40913116625371c2760.jpg,Train
dish_117_IMG_6676_jpeg.rf.8fd0659cfef4d16156b1ac29d56e2206.jpg,Train
dish_118_IMG_6701_jpeg.rf.26fcb3ce1fc4750f001d22e647c61b9c.jpg,Train
dish_118_IMG_6706_jpeg.rf.3e0d083d38d6103c65a1ef1bdc6af038.jpg,Train
dish_118_IMG_6707_jpeg.rf.e1c7b2068386d63370e4786541bae85d.jpg,Train
dish_118_IMG_6727_jpeg.rf.bd6c9c74006f2287d182e73dc1f99860.jpg,Train
dish_119_IMG_9087_jpeg.rf.dc652b767e56de3eb677433fc4f4a00b.jpg,Train
dish_119_IMG_9096_jpeg.rf.d6d7a3769d705f7670eb68ab55da6fbb.jpg,Train
dish_119_IMG_9107_jpeg.rf.3e77834bc88b5af5211d9526827ecdc0.jpg,Train
dish_119_IMG_9109_jpeg.rf.d1c6c8934cee650b1f5172507527814f.jpg,Train
dish_120_IMG_9132_jpeg.rf.c64d0fd484b53c8f081808dd88c32f2d.jpg,Train
dish_120_IMG_9137_jpeg.rf.8a31dff153bb04760fb4ff017b12e7c4.jpg,Train
dish_120_IMG_9142_jpeg.rf.4676a9de1eaf22038caa65e4cfcfdf7c.jpg,Train
dish_120_IMG_9150_jpeg.rf.1820c45fcbf37bf2f8b4626a2b0b8fae.jpg,Train
dish_121_IMG_9166_jpeg.rf.5640076672882b43e64ff709f652fb4d.jpg,Train
dish_121_IMG_9169_jpeg.rf.b59fdc58b1b937852f173ffe7fcd6299.jpg,Train
dish_121_IMG_9173_jpeg.rf.6ea731041ee2f9a5426d3d70e73f35b6.jpg,Train
dish_122_IMG_9204_jpeg.rf.f277bb90c15ef5a76d732133a61060fd.jpg,Val
dish_122_IMG_9210_jpeg.rf.677cf2718cc9b3b6e5613ed2a9d53926.jpg,Val
dish_122_IMG_9217_jpeg.rf.658139d9cc049f3ce7ae374c08e7e2c4.jpg,Val
dish_122_IMG_9223_jpeg.rf.6826d37d02330e2ffbba5b18e9032e5c.jpg,Val
dish_123_IMG_9229_jpeg.rf.6704773ff931fc6c7dbd7ec2d3fd9afc.jpg,Val
dish_123_IMG_9233_jpeg.rf.a906bbba1a6e244d9b95aa75bd408538.jpg,Val
dish_123_IMG_9239_jpeg.rf.35c63da36c5120d927a925be93ebe5c8.jpg,Val
dish_123_IMG_9254_jpeg.rf.387da0084eb9586eb2477becaf8b2475.jpg,Val
dish_124_IMG_9272_jpeg.rf.04b06e58057927bfc9790279ff55397f.jpg,Val
dish_124_IMG_9277_jpeg.rf.fe69dcdbbea54990a2ed791ca4bd24ba.jpg,Val
dish_124_IMG_9284_jpeg.rf.4aea21374f9ba21eb82fcf6ec620393e.jpg,Val
dish_124_IMG_9289_jpeg.rf.89cbc938fcdad2e877df2f4fc80e0ac0.jpg,Val
dish_125_IMG_9311_jpeg.rf.26c07f4c2f2ba838f77644ab4ccb8b53.jpg,Train
dish_125_IMG_9318_jpeg.rf.42765999981bc97f9c031bff9546963d.jpg,Train
dish_125_IMG_9329_jpeg.rf.0636079356ee59a9ca5c8c50eba08242.jpg,Train
dish_125_IMG_9330_jpeg.rf.9900114d71b04952c6af693cb1999ff4.jpg,Train
dish_126_IMG_9355_jpeg.rf.37cec77d600578afe5b011d7db4a858a.jpg,Train
dish_126_IMG_9356_jpeg.rf.d8202de96e093ad4c6805aed720d5e6e.jpg,Train
dish_126_IMG_9366_jpeg.rf.58abd3ebaffaed45b5b4c7fe424fba5a.jpg,Train
dish_126_IMG_9371_jpeg.rf.423da8a4421b0d1d071f0b97ec41d8f6.jpg,Train
dish_127_IMG_9382_jpeg.rf.b2f40fcaa1892152daadae75f489ed6b.jpg,Train
dish_127_IMG_9384_jpeg.rf.3d15e033aa941b94aba0108fdcca335d.jpg,Train
dish_127_IMG_9390_jpeg.rf.fbe07534ed87305c2e812b4bbc46e5be.jpg,Train
dish_127_IMG_9401_jpeg.rf.9806a1d878bab17b03f1a12f46e53e9e.jpg,Train
dish_128_IMG_9420_jpeg.rf.823a8277b5316fb4cac2f5253d1c3201.jpg,Train
dish_128_IMG_9421_jpeg.rf.9391991fd6b18fa5e65602b6df2995bf.jpg,Train
dish_128_IMG_9443_jpeg.rf.ea0be8d81d6f6df6fc24b461f7a6a818.jpg,Train
dish_128_IMG_9447_jpeg.rf.aeb80b138e85f1e12b92e0d2b85a1873.jpg,Train
dish_129_IMG_9456_jpeg.rf.a9c6eb03fbfb46453337eea26f9b4c08.jpg,Train
dish_129_IMG_9464_jpeg.rf.d383f8f3dc39490b0025d86285d895c4.jpg,Train
dish_129_IMG_9465_jpeg.rf.00005b2801b2a90ff8806a563ff00ca7.jpg,Train
dish_129_IMG_9476_jpeg.rf.3f53087ddedbc28c404ca3b757cf58e2.jpg,Train
dish_130_IMG_9496_jpeg.rf.4110aa86197cd8c4fda686855c246a36.jpg,Train
dish_130_IMG_9506_jpeg.rf.997ca0315d551bccd39f526dda622aed.jpg,Train
dish_130_IMG_9508_jpeg.rf.d1446a1e7cdc624fb5f1a3b33a7e18f2.jpg,Train
dish_130_IMG_9518_jpeg.rf.4564cd3297011816e44d185db94ba59c.jpg,Train
dish_131_IMG_9533_jpeg.rf.057a32d56596e8418495ed91738f8921.jpg,Train
dish_131_IMG_9555_jpeg.rf.6b946c0717d4dde844fdfe61319a64c5.jpg,Train
dish_131_IMG_9556_jpeg.rf.1cbe2f293e15a18fdc8dc9d70476adaa.jpg,Train
dish_131_IMG_9559_jpeg.rf.da3172ad43fd387089ac6205c4d17e73.jpg,Train
dish_132_IMG_9571_jpeg.rf.e208efa97c2be77b9b42aac5f285b00f.jpg,Train
dish_132_IMG_9580_jpeg.rf.50e941c6d4900ca956a51fdcdffdbe80.jpg,Train
dish_132_IMG_9583_jpeg.rf.18a1f3dcf2372db2f26f1b396f3abea4.jpg,Train
dish_132_IMG_9589_jpeg.rf.5068a6864644526feab521c4abb56490.jpg,Train
dish_133_IMG_9606_jpeg.rf.cdd87747993dd08e62e1e1e5105da127.jpg,Train
dish_133_IMG_9617_jpeg.rf.6a6e69d95f3de9b722c1b687ccc10f94.jpg,Train
dish_133_IMG_9619_jpeg.rf.2b6449f685585ce72e6c093524ddd3e8.jpg,Train
dish_133_IMG_9622_jpeg.rf.161ca21b7c0e478acd3d89f1d6d7eca3.jpg,Train
dish_134_IMG_9643_jpeg.rf.ab2a194f7faba2b3cf2370c33d469f63.jpg,Train
dish_134_IMG_9644_jpeg.rf.92155b5a8ecda5ac74a4ffc00e1f7120.jpg,Train
dish_134_IMG_9656_jpeg.rf.477b9a2eaf504e46fc974908cb63f989.jpg,Train
dish_134_IMG_9667_jpeg.rf.01c4e3294c323aa3f9bddd011037c700.jpg,Train
dish_135_IMG_9686_jpeg.rf.9e55de7e084dca2cf7bbe77e5e8dc68a.jpg,Train
dish_135_IMG_9693_jpeg.rf.7ab497ad95581dece4e2564cdbcb0ce9.jpg,Train
dish_135_IMG_9707_jpeg.rf.463525b46cab2503d02e0e2746ad1477.jpg,Train
dish_135_IMG_9708_jpeg.rf.808024d7e8e38722732c8fbe8ca5cb0a.jpg,Train
dish_136_IMG_9715_jpeg.rf.c0692b8922670239029ebee7840702de.jpg,Train
dish_136_IMG_9719_jpeg.rf.fc3342e8ca1c7734fa0416e704417347.jpg,Train
dish_136_IMG_9727_jpeg.rf.93ad0cbcf35b0431e6e740ae8c02ed09.jpg,Train
dish_136_IMG_9728_jpeg.rf.c1538de0a2e37ab11fd00b0b80692f23.jpg,Train
dish_137_IMG_9758_jpeg.rf.abfbad011bb6450fa5638eb4c324249c.jpg,Train
dish_137_IMG_9777_jpeg.rf.12f85658c51f6170e3cdc66c7f479c81.jpg,Train
dish_137_IMG_9778_jpeg.rf.a0d332690663f93ea64e9656d0acd223.jpg,Train
dish_137_IMG_9781_jpeg.rf.f4b4575836957d46b7f8a5b7fbf18736.jpg,Train
dish_138_IMG_9808_jpeg.rf.147ac6ddd12a5f70ae3532edf667a0c7.jpg,Train
dish_138_IMG_9809_jpeg.rf.5b6529ef0a6908bc9df9f4064a774a32.jpg,Train
dish_138_IMG_9815_jpeg.rf.8e464676be0599ebe248b72ac25e983f.jpg,Train
dish_138_IMG_9829_jpeg.rf.5502af7cd5e72c24faf8aec3a8f75917.jpg,Train
dish_139_IMG_9833_jpeg.rf.c16d57a708f5a1fcd627fede82094002.jpg,Train
dish_139_IMG_9837_jpeg.rf.43ba320f3dae8a4308072bd8b04fb9eb.jpg,Train
dish_139_IMG_9840_jpeg.rf.f6a3ff1aaf54198881bd39658f3d7d8c.jpg,Train
dish_139_IMG_9846_jpeg.rf.ba9c41af064964dc2377c9493a635ba3.jpg,Train
dish_140_IMG_9870_jpeg.rf.19ea877d5e55f6c0724d0ae31aac6d65.jpg,Val
dish_140_IMG_9872_jpeg.rf.c0480a08be9984289401eaba860213a1.jpg,Val
dish_140_IMG_9882_jpeg.rf.5af62e2af974e2741ca5d2042a598bcf.jpg,Val
dish_140_IMG_9892_jpeg.rf.5937ceeaa9b5e121efab6f585db8b322.jpg,Val
dish_141_IMG_9912_jpeg.rf.13071e4f0e35e476279ac063343589fc.jpg,Val
dish_141_IMG_9914_jpeg.rf.42d7fc7a738ad2ef5a04516ad56e649e.jpg,Val
dish_141_IMG_9918_jpeg.rf.2aeacb50835b7583599d370e7f9a2985.jpg,Val
dish_141_IMG_9930_jpeg.rf.c59500f53d80cd2a9a0546d67bc05346.jpg,Val
dish_142_IMG_9939_jpeg.rf.9289f074dc78d1ef673f0d5e4676ea3c.jpg,Val
dish_142_IMG_9940_jpeg.rf.a171e50f52ef1d3a09c90715e8422637.jpg,Val
dish_142_IMG_9951_jpeg.rf.c2d841621634a218526246973fb4ccae.jpg,Val
dish_142_IMG_9953_jpeg.rf.ca26fec66242819e959949964f07c0d5.jpg,Val
dish_143_IMG_9975_jpeg.rf.6e3dc8720fccbf0b2c0410fbed9fccd5.jpg,Val
dish_143_IMG_9979_jpeg.rf.9b1f29d470295addbcdf1ddfb95debc0.jpg,Val
dish_143_IMG_9983_jpeg.rf.508befabfc380de12ee96e3b9bb7b3b2.jpg,Val
dish_143_IMG_9994_jpeg.rf.0155991584003100c4a9a8262f980583.jpg,Val
dish_144_IMG_0018_jpeg.rf.e16b20b5f63ae03139513219f95f94be.jpg,Train
dish_144_IMG_0026_jpeg.rf.0f2d5e3662bcf1e93219609851353d59.jpg,Train
dish_144_IMG_0031_jpeg.rf.a0cdcc162958d14f2a3393ecabcbfdb6.jpg,Train
dish_144_IMG_0035_jpeg.rf.24600db56201cfd912c99752e8ea033b.jpg,Train
dish_145_IMG_0052_jpeg.rf.bd489653183ef2540329e8c22c8de3ef.jpg,Train
dish_145_IMG_0058_jpeg.rf.b63fee5ec2a99aedf6982365b623b964.jpg,Train
dish_145_IMG_0063_jpeg.rf.bf104c4f3cc4e1c59e220e020c20572c.jpg,Train
dish_145_IMG_0076_jpeg.rf.8cbafd1ef741c7ecf9b0b722ff600ffa.jpg,Train
dish_146_IMG_0091_jpeg.rf.8c863306e5339cdd79686aafa25763f5.jpg,Train
dish_146_IMG_0093_jpeg.rf.50322108aeb272e526540b3e6d2584d0.jpg,Train
dish_146_IMG_0095_jpeg.rf.2aad87769fee8a73aa83e91e03dc5fcb.jpg,Train
dish_146_IMG_0111_jpeg.rf.ab612a2bdb41b76b379505056ad675ed.jpg,Train
dish_147_IMG_0140_jpeg.rf.854523fbc7f036972fd123f46ceef0a8.jpg,Train
dish_147_IMG_0142_jpeg.rf.b58740ac1f59dfeccc490ce0371d1129.jpg,Train
dish_147_IMG_0149_jpeg.rf.8928dab57970583ed4bfa59f3b8b79e4.jpg,Train
dish_147_IMG_0151_jpeg.rf.afcdd9854fca8c5debc770e36721cf87.jpg,Train
dish_148_IMG_0162_jpeg.rf.abba0d4a88df420f221dd288b1a660a5.jpg,Train
dish_148_IMG_0174_jpeg.rf.a242e7a3a0fce870e145d52b79ce87e9.jpg,Train
dish_148_IMG_0178_jpeg.rf.3d07fa3eae08400ff13becb551ddf077.jpg,Train
dish_148_IMG_0179_jpeg.rf.657e8c8b1d2c030eff79968bfcb49bec.jpg,Train
dish_149_IMG_0200_jpeg.rf.92871eecbb972cb7649c8b8c96de37d0.jpg,Train
dish_149_IMG_0216_jpeg.rf.643620eeb238548847d926daa6f76f01.jpg,Train
dish_149_IMG_0217_jpeg.rf.75d9fc2f45d91f97a8fe3aebd472ccd5.jpg,Train
dish_149_IMG_0222_jpeg.rf.62ecc0782be35b3bcfcc2a3529898568.jpg,Train
dish_150_IMG_0235_jpeg.rf.9602a3ea4f2341b245c6420b56fd3b2c.jpg,Train
dish_150_IMG_0245_jpeg.rf.c113ecff2b154be8d7da89d03d7cbe80.jpg,Train
dish_150_IMG_0256_jpeg.rf.64b4b9f4aedbb6ebda7f79142a1eadc9.jpg,Train
dish_153_IMG_0319_jpeg.rf.8b6031940cd181e8e5e2f172a6c88543.jpg,Train
dish_153_IMG_0326_jpeg.rf.2f697608a16ca484f17cf8b742a77d2f.jpg,Train
dish_153_IMG_0333_jpeg.rf.b3594cee83742aa5fac79eb2c0d2dd06.jpg,Train
dish_153_IMG_0337_jpeg.rf.01fb862b8313458aaec8d109d560f1fd.jpg,Train
dish_154_IMG_0349_jpeg.rf.c3c99e2706358e47fb385f8bc6cb94b8.jpg,Train
dish_154_IMG_0361_jpeg.rf.b41a61a1f71b0f92cc41d91efb3afba3.jpg,Train
dish_154_IMG_0366_jpeg.rf.2918814ab66ac04adf19dfd2f10872c1.jpg,Train
dish_154_IMG_0372_jpeg.rf.022ceacbdb1f09979d17c8f3d0e59f21.jpg,Train
dish_155_IMG_0387_jpeg.rf.1f77966ad238e18feaf25e62ad72f69d.jpg,Train
dish_155_IMG_0390_jpeg.rf.c05a142087cb2a3e86b5e9ae1c1bbcb5.jpg,Train
dish_155_IMG_0397_jpeg.rf.5cd0ba371cf89ba729c7884539237211.jpg,Train
dish_155_IMG_0399_jpeg.rf.063b21a575fe362d8618bcbc7900d11a.jpg,Train
dish_156_IMG_0420_jpeg.rf.24068e7f4da1a2cf02683abd71c73d46.jpg,Train
dish_156_IMG_0426_jpeg.rf.080eab7069bbabd40ce3ffc344234fc6.jpg,Train
dish_156_IMG_0438_jpeg.rf.0bc20ed6bd28ac15e77a2948d6e7f289.jpg,Train
dish_156_IMG_0445_jpeg.rf.f43b0b5bc9c4aab0073ac307a0479277.jpg,Train
dish_157_IMG_6732_jpeg.rf.1438ff09bdb2b8d1993e5cd0084e8248.jpg,Train
dish_157_IMG_6734_jpeg.rf.766800eef1d64713fa43609439347d2b.jpg,Train
dish_157_IMG_6752_jpeg.rf.e70206f75c137fcf79280a082b5ace40.jpg,Train
dish_157_IMG_6759_jpeg.rf.426e5c3ba3828ca1918ce718bbdb9b36.jpg,Train
dish_158_IMG_0459_jpeg.rf.1fcc6f56aa23be3d76a25a3164040e00.jpg,Train
dish_158_IMG_0465_jpeg.rf.aafce7577bcb2317afd7fbcba6d6d839.jpg,Train
dish_158_IMG_0470_jpeg.rf.52f425aa8a2d12142c3a08d6b0c3cb33.jpg,Train
dish_158_IMG_0479_jpeg.rf.5a7f642e0f3383f9a84765a7b73d721b.jpg,Train
dish_159_IMG_0500_jpeg.rf.b93ad3a6672e2e532adaade16aac910f.jpg,Train
dish_159_IMG_0505_jpeg.rf.5ce245c3e348856a38ddf0ca2319289e.jpg,Train
dish_159_IMG_0512_jpeg.rf.ba74c46fc8ea5882a9d85c5fb7937fdb.jpg,Train
dish_159_IMG_0516_jpeg.rf.3ca4ecf40516f5a968430c8bfc639fc4.jpg,Train
dish_160_IMG_0531_jpeg.rf.3310562ab1359ab82db53d9443baa7d3.jpg,Val
dish_160_IMG_0533_jpeg.rf.24a8a6207b0fe53b6264a2369a753ce7.jpg,Val
dish_160_IMG_0544_jpeg.rf.e5fd462efe9b7016884568ee9f7dc7a1.jpg,Val
dish_160_IMG_0550_jpeg.rf.9a7c008553ca653c48668b51ee83d8c7.jpg,Val
dish_161_IMG_0561_jpeg.rf.41ddb357d419b59ab37ec08838ff7ff7.jpg,Val
dish_161_IMG_0577_jpeg.rf.34f7126bd5c026b7956d7d77ace1e63b.jpg,Val
dish_161_IMG_0581_jpeg.rf.e00095beb95aa9f1444b459605f5763d.jpg,Val
dish_161_IMG_0590_jpeg.rf.56d6e831f3d6077ddc6b78a2af3368e2.jpg,Val
dish_162_IMG_0606_jpeg.rf.38d20d7a4c7f9f73721a6a30fd2aacb0.jpg,Val
dish_162_IMG_0612_jpeg.rf.aab94edb2b761fc9794f3977614f3781.jpg,Val
dish_162_IMG_0620_jpeg.rf.e9f88a6ff9c0f3b3ee93cf77071a8dad.jpg,Val
dish_162_IMG_0622_jpeg.rf.6b1494be2e7ee325bfd6f2013ae82d86.jpg,Val
dish_163_IMG_0641_jpeg.rf.61dd25d27bca51b9d5ca5d9a745fb63a.jpg,Train
dish_163_IMG_0643_jpeg.rf.59ea57a6a907bc816b297b1393ac30b9.jpg,Train
dish_163_IMG_0650_jpeg.rf.5267aac5589679a39cbebc112d278b14.jpg,Train
dish_163_IMG_0657_jpeg.rf.e11c364e056f3a554390f65b950d4ab8.jpg,Train
dish_164_IMG_6773_jpeg.rf.21d2e7864444d9e1aabff380194ff266.jpg,Train
dish_164_IMG_6779_jpeg.rf.4f68d325bb614642eea18ba05697f8b0.jpg,Train
dish_164_IMG_6789_jpeg.rf.a70ea920beb406a193a696f6b7c73b62.jpg,Train
dish_164_IMG_6797_jpeg.rf.61f759776aea5a7fbc6c5895cd1f1a20.jpg,Train
dish_165_IMG_0682_jpeg.rf.99ca62a0a9677b7b439094188c54ed17.jpg,Train
dish_165_IMG_0686_jpeg.rf.cdc1915978070c708e3dc4f90dc17419.jpg,Train
dish_165_IMG_0696_jpeg.rf.d0c6129d2dba6eb2aa2b0765b21c8987.jpg,Train
dish_165_IMG_0708_jpeg.rf.52caf559ebfa15f239c90bbc32072bbe.jpg,Train
dish_166_IMG_0710_jpeg.rf.a14ea120ccd3dd87743fc328351a1b02.jpg,Val
dish_166_IMG_0717_jpeg.rf.99c2f83514ee67bedf58bfde8f94b105.jpg,Val
dish_166_IMG_0733_jpeg.rf.1e2059fab4aaea3268e94e6547036c8e.jpg,Val
dish_166_IMG_0737_jpeg.rf.6e63f437ddadda7d13f847b77720e44d.jpg,Val
dish_167_IMG_0750_jpeg.rf.942449a67f1c167df3b880dba3a80f94.jpg,Val
dish_167_IMG_0759_jpeg.rf.4166b36d5b74caaf608d87b82a7d4952.jpg,Val
dish_167_IMG_0767_jpeg.rf.03ceb976a2242b4244ac98364b3cde40.jpg,Val
dish_167_IMG_0768_jpeg.rf.a34ed8f5124f01b27c9564d8d4a410e6.jpg,Val
dish_168_IMG_0788_jpeg.rf.c5a0617697bcebd4c744d2c004e5b910.jpg,Val
dish_168_IMG_0796_jpeg.rf.120d401bd1ae74038a44551bb411d654.jpg,Val
dish_168_IMG_0805_jpeg.rf.e124f7894dc9bdd80b2c29a62c0028dd.jpg,Val
dish_168_IMG_0806_jpeg.rf.0b6077e58b3427b72a251323848ff52d.jpg,Val
dish_169_IMG_0817_jpeg.rf.3868b6de307fcb6cd62155ea5b8780d3.jpg,Train
dish_169_IMG_0820_jpeg.rf.f77b2a9d3c2679a764112dc3fd93e668.jpg,Train
dish_169_IMG_0835_jpeg.rf.f6609c3cf5364405045bb1b1a1a0a3c0.jpg,Train
dish_169_IMG_0841_jpeg.rf.509b2300b9682b07b4516adc0f2742a2.jpg,Train
dish_170_IMG_0853_jpeg.rf.f1ef9b4549f1ad929e2c9e9283a5242b.jpg,Train
dish_170_IMG_0862_jpeg.rf.8566e514eb62f8436cbef3c07583b4f7.jpg,Train
dish_170_IMG_0868_jpeg.rf.d047a70cd5ae8df8699c4ea4603e062e.jpg,Train
dish_170_IMG_0880_jpeg.rf.065ca630703696885b449e18e5b41474.jpg,Train
dish_172_IMG_0927_jpeg.rf.426221f66de91342277d71e347c7ce01.jpg,Train
dish_172_IMG_0939_jpeg.rf.4a4568c3f32e4bf563b70c3ddfe6386b.jpg,Train
dish_172_IMG_0947_jpeg.rf.b3fd0d964d61ee44bc3c8bd409a0b2d2.jpg,Train
dish_172_IMG_0949_jpeg.rf.7b5fafa1d58c391be24de5482acf7170.jpg,Train
dish_173_IMG_0963_jpeg.rf.969f2e87f25d70da95839998af2727c4.jpg,Train
dish_173_IMG_0971_jpeg.rf.a97cd9f16582c7657c8380d35cce2f84.jpg,Train
dish_173_IMG_0972_jpeg.rf.222ca6efa75ab120591a3a8f2a00b527.jpg,Train
dish_173_IMG_0987_jpeg.rf.44bd71d5a763ce5ebdf83421ecd4c7cd.jpg,Train
dish_174_IMG_1004_jpeg.rf.a68661ab9ff8db5b89990f3706561233.jpg,Train
dish_174_IMG_1007_jpeg.rf.9769a88bf6c78382882c160839f706cd.jpg,Train
dish_174_IMG_1011_jpeg.rf.b13586111eb4385b2cab24a02edf7f68.jpg,Train
dish_174_IMG_1019_jpeg.rf.f4ab9b2e10cdcd655343545c117fb3cb.jpg,Train
dish_175_IMG_1039_jpeg.rf.f3b071ac463e6af8fe715fd38cdd0e69.jpg,Val
dish_175_IMG_1045_jpeg.rf.0d2a9c660fce0fda96700ad12283eae0.jpg,Val
dish_175_IMG_1056_jpeg.rf.db3c0a00867cf4c8712e328a6073b782.jpg,Val
dish_175_IMG_1057_jpeg.rf.949614f264d6f04c69ccf25083f64318.jpg,Val
dish_176_IMG_1100_jpeg.rf.3ce03798ded8d71497fc0fd345fee685.jpg,Val
dish_176_IMG_1118_jpeg.rf.7bb012fab9e847be06ca9b72dff5b845.jpg,Val
dish_176_IMG_1119_jpeg.rf.72334205feca4ddb70e520a9cfaa5dc3.jpg,Val
dish_176_IMG_1122_jpeg.rf.6a94320336d341dab32bf69b3d3dbe0c.jpg,Val
dish_177_IMG_1139_jpeg.rf.b82a1782bb259353d56881f73468845e.jpg,Val
dish_177_IMG_1151_jpeg.rf.2193009b10fc93dfe74f459bb4da96c6.jpg,Val
dish_177_IMG_1155_jpeg.rf.efb6de4d6b5fcc741169577bb9ba7dce.jpg,Val
dish_177_IMG_1160_jpeg.rf.3ac0bca526b3e073eb9f314113f1926a.jpg,Val
dish_178_IMG_1170_jpeg.rf.9f603881cfda04e6c9a02e55958dc448.jpg,Val
dish_178_IMG_1171_jpeg.rf.11dd9ae11a89827f3ea2bd2799b29054.jpg,Val
dish_178_IMG_1173_jpeg.rf.c04ba8a6031d61c36941830195f59df1.jpg,Val
dish_178_IMG_1191_jpeg.rf.b2a465c20054513b1569d82e15545edb.jpg,Val
dish_179_IMG_1204_jpeg.rf.d8f23c759f5d7f54cf14bc962c032617.jpg,Val
dish_179_IMG_1215_jpeg.rf.fd0555a55c0516cd75cb47fc766e36e9.jpg,Val
dish_179_IMG_1227_jpeg.rf.6be3e513b7e4cf55aa0b50294f9b8fb3.jpg,Val
dish_179_IMG_1228_jpeg.rf.68b722b99f2e1f7a6c7a296b3c54de10.jpg,Val
dish_180_IMG_1243_jpeg.rf.6c02a166395b4bbeffcdbdb8a59baa0f.jpg,Val
dish_180_IMG_1251_jpeg.rf.2b1d40acdabfa6c5c27fd4b7d97a06b8.jpg,Val
dish_180_IMG_1255_jpeg.rf.9f2ff584471f6d17dbac564033522332.jpg,Val
dish_180_IMG_1272_jpeg.rf.632abde13da706ef9f82017e1b4c2d12.jpg,Val
dish_181_IMG_1273_jpeg.rf.0d36ca22c38d61268bef0723a70168d7.jpg,Val
dish_181_IMG_1287_jpeg.rf.2760a61640d44e864b44792922d65d64.jpg,Val
dish_181_IMG_1290_jpeg.rf.ed6d3b1bca90034a375c0b43551087f2.jpg,Val
dish_181_IMG_1300_jpeg.rf.58f1578eae748fb4fc58356fde41a310.jpg,Val
dish_182_IMG_1326_jpeg.rf.ed4727705786271373aeb4e029d71a4d.jpg,Val
dish_182_IMG_1332_jpeg.rf.8fc870e38f731ba94280f3484717aa82.jpg,Val
dish_182_IMG_1333_jpeg.rf.859e89d87347c9373828549bba89821d.jpg,Val
dish_182_IMG_1336_jpeg.rf.70a1bb41c8c008c5d1b16bdb2987aad8.jpg,Val
dish_183_IMG_1354_jpeg.rf.9d0af671c78ecdf0ec30da0d92691eb6.jpg,Train
dish_183_IMG_1358_jpeg.rf.82fffde44f74604099844510b37773f9.jpg,Train
dish_183_IMG_1361_jpeg.rf.ecb7dbbabc2d70b2e7457f31810952aa.jpg,Train
dish_183_IMG_1365_jpeg.rf.a9e6468baf1a345499135eee2c4d979b.jpg,Train
dish_184_IMG_1383_jpeg.rf.04428797f62f4e58d0f5ef03cca5dc34.jpg,Train
dish_184_IMG_1388_jpeg.rf.537dc7c478f1267d3677f0e78c5dfb54.jpg,Train
dish_184_IMG_1389_jpeg.rf.3aecdc1cde7a88917cf6203259f4c79c.jpg,Train
dish_184_IMG_1391_jpeg.rf.c8287ea8129646e987dcfb299d348c7e.jpg,Train
dish_185_IMG_1426_jpeg.rf.3d092b9c19e22de31f8aa1824ae85e5c.jpg,Train
dish_185_IMG_1432_jpeg.rf.280212d80fde0b1d7707528bbb1ac072.jpg,Train
dish_185_IMG_1439_jpeg.rf.b0320aea624446d654da107a471a4f00.jpg,Train
dish_185_IMG_1445_jpeg.rf.9a2324d3dd32682c7b5387132c01f278.jpg,Train
dish_186_IMG_1455_jpeg.rf.8373796c78accab6ac5b5f6a3209fd2f.jpg,Train
dish_186_IMG_1468_jpeg.rf.6cfe531a4097b28394f50d9ebbe144ba.jpg,Train
dish_186_IMG_1469_jpeg.rf.2fb3f36fdd0cdffb2913b9990234f0a9.jpg,Train
dish_186_IMG_1480_jpeg.rf.8e46cf5126cd4db6963807f995d8cef1.jpg,Train
dish_187_IMG_1505_jpeg.rf.ed9f7d4e38be8131c1195950ab8e3056.jpg,Train
dish_187_IMG_1517_jpeg.rf.c7b260e7fee01581992c22d077e6ca5f.jpg,Train
dish_187_IMG_1523_jpeg.rf.14d0e16408003c8e20b2f45211477f38.jpg,Train
dish_187_IMG_1526_jpeg.rf.3276cc9c1da6357281c9ef32c80f1878.jpg,Train
dish_188_IMG_1544_jpeg.rf.b26d6f4edd2b85349ee73381411d1cf1.jpg,Train
dish_188_IMG_1546_jpeg.rf.2bb8d45d5c211ab7fc45f645135e28c3.jpg,Train
dish_188_IMG_1548_jpeg.rf.139e2113844e92117544fd8c6ad2b3ef.jpg,Train
dish_188_IMG_1559_jpeg.rf.410024eb3a0d411de6af40ec4f1fc1da.jpg,Train
dish_189_IMG_1574_jpeg.rf.d758baba6cd21b66b536882353476ff1.jpg,Val
dish_189_IMG_1576_jpeg.rf.e80354da4a130fc2eaf046aa8bd889ac.jpg,Val
dish_189_IMG_1582_jpeg.rf.4cb50ed237d4c4307f97920516569fa4.jpg,Val
dish_189_IMG_1591_jpeg.rf.c645b415ee04c778ccbdf32d1886c949.jpg,Val
dish_190_IMG_1624_jpeg.rf.db1073f5fcf71bcf7541bef7dacdb5af.jpg,Val
dish_190_IMG_1627_jpeg.rf.0f4078713395c03fcb02147f6a5ba372.jpg,Val
dish_190_IMG_1632_jpeg.rf.8092184c7c1ab638f9d6ba9de7a9f9ec.jpg,Val
dish_190_IMG_1634_jpeg.rf.00220cbbae6542bf2e034fbcf731b76a.jpg,Val
dish_191_IMG_1646_jpeg.rf.03d73a56528197ac299edc1053b59f26.jpg,Val
dish_191_IMG_1647_jpeg.rf.78dc584189d18a7649c9b6653a8f5334.jpg,Val
dish_191_IMG_1654_jpeg.rf.9b8f00693b509649c52ceb8ba9a763e5.jpg,Val
dish_191_IMG_1661_jpeg.rf.bada7493cb4236f401ee9f264bc891e3.jpg,Val
dish_192_IMG_1687_jpeg.rf.ab1c6423d17c1c4d8b55f410efff2bbb.jpg,Train
dish_192_IMG_1692_jpeg.rf.427556d92e33b26981bd6b14434ebca2.jpg,Train
dish_192_IMG_1704_jpeg.rf.2bbc872744653cdb71bb36f4f96a7e4d.jpg,Train
dish_192_IMG_1707_jpeg.rf.97d313992f3bd527b01ffb6866f45196.jpg,Train
dish_193_IMG_1720_jpeg.rf.7c792d4934ebe62cb9a3dcf8d9a9da53.jpg,Train
dish_193_IMG_1734_jpeg.rf.08fadb50d1e2cbf51c40446ae5baaaa4.jpg,Train
dish_193_IMG_1735_jpeg.rf.047e654faf08b98ae5f4d736a0dce920.jpg,Train
dish_193_IMG_1738_jpeg.rf.c2d42779faaec6091b4daa602d6a3eef.jpg,Train
dish_194_IMG_1755_jpeg.rf.1055fd11bb7df9a2f4781fac361d3bc9.jpg,Train
dish_194_IMG_1764_jpeg.rf.63de29f77353a986d0bb80d76d4de028.jpg,Train
dish_194_IMG_1772_jpeg.rf.db5c822d1b49970cad8f43e40f1f01df.jpg,Train
dish_194_IMG_1778_jpeg.rf.7ac031138f52aa25e3a7523b05afa26d.jpg,Train
dish_195_IMG_1800_jpeg.rf.2b158678e50ac0651f3408c3dc666bee.jpg,Train
dish_195_IMG_1803_jpeg.rf.a168e5e16b508093a1fba5855810f05a.jpg,Train
dish_195_IMG_1818_jpeg.rf.1afc6da8d0cceb5ac10fcb61ad7b74b0.jpg,Train
dish_195_IMG_1820_jpeg.rf.7ec34eeb807599a896c0160b72bef2c2.jpg,Train
dish_196_IMG_1844_jpeg.rf.41274f11fce77c355023ca805fecaac6.jpg,Train
dish_196_IMG_1846_jpeg.rf.05ec25551f263314aa7b4fd4bb9a3a3f.jpg,Train
dish_196_IMG_1853_jpeg.rf.7116952655eda87cda7a74424c36ee09.jpg,Train
dish_196_IMG_1858_jpeg.rf.8de77d3ad678798346c035daac6152f3.jpg,Train
dish_197_IMG_1876_jpeg.rf.183e83435c0239be3f331ff7cb68b07f.jpg,Train
dish_197_IMG_1880_jpeg.rf.366565b25c38fc61455f63ada41d87a3.jpg,Train
dish_197_IMG_1882_jpeg.rf.a5501b07ac437726b8bfc2b699d51c60.jpg,Train
dish_197_IMG_1893_jpeg.rf.1aed8127405a49856b1e901474f79417.jpg,Train
dish_198_IMG_1905_jpeg.rf.4ef07269943cd40826b468b2995a400e.jpg,Train
dish_198_IMG_1910_jpeg.rf.cb4dc1177b8d003ad3fa83b199e1a239.jpg,Train
dish_198_IMG_1924_jpeg.rf.558855c63f6d811063de865ab3ffe154.jpg,Train
dish_198_IMG_1931_jpeg.rf.698305e5c5a806c0de4975ef0c7048cb.jpg,Train
dish_199_IMG_1938_jpeg.rf.dccda43087aecaf29178ea780aaead2c.jpg,Train
dish_199_IMG_1946_jpeg.rf.a6e1063eb9faef3e8c43a0d1f1e88a0f.jpg,Train
dish_199_IMG_1951_jpeg.rf.bf71ab0753eb062c7194e211f8615dc0.jpg,Train
dish_199_IMG_1959_jpeg.rf.1f2ce2c9242fc9962b28649ab253a542.jpg,Train
dish_200_IMG_1982_jpeg.rf.9648c700b4fabaf3219eb7a14125a7d3.jpg,Train
dish_200_IMG_1987_jpeg.rf.2ad830cb3625fa1d7a26fad191160bdd.jpg,Train
dish_200_IMG_1992_jpeg.rf.f20a3fb962ec89fbec70899c86982e5e.jpg,Train
dish_200_IMG_2004_jpeg.rf.db1d573b8ff1062fd2cf4948289c9fc7.jpg,Train
dish_201_IMG_2014_jpeg.rf.9a8ce38c86242e3f8b05eab8c5bb9e2e.jpg,Train
dish_201_IMG_2019_jpeg.rf.3ec7d9d26208334582deed16b74f460d.jpg,Train
dish_201_IMG_2028_jpeg.rf.a396f1cdeb1e2d5fea0719f70916f9a4.jpg,Train
dish_201_IMG_2036_jpeg.rf.2001d20e521d1c2581b7b742a47678f9.jpg,Train
dish_202_IMG_2056_jpeg.rf.21f6735a74c74378cf452643432339d9.jpg,Val
dish_202_IMG_2061_jpeg.rf.c4e337b35c168c3e50eb2be6a7c1fa25.jpg,Val
dish_202_IMG_2062_jpeg.rf.a53921f2cfcc83a69db563af6762a619.jpg,Val
dish_202_IMG_2070_jpeg.rf.b69a9a8d50e8cb0953d32a411207f2f5.jpg,Val
dish_203_IMG_2103_jpeg.rf.7e0ac55d019bae6a7a11926b11f93552.jpg,Val
dish_203_IMG_2105_jpeg.rf.1e7685fa2af807c7415d1c06e9e5383c.jpg,Val
dish_203_IMG_2108_jpeg.rf.b94aa06727d6e863e973a8ff680a13a6.jpg,Val
dish_203_IMG_2113_jpeg.rf.b624b1ced5e5b861281ca8dcef7ea38f.jpg,Val
dish_204_IMG_2135_jpeg.rf.924c47a21d440f12c16f92ee400e23fd.jpg,Val
dish_204_IMG_2138_jpeg.rf.5e044eed262da9ae58866f1e282055a2.jpg,Val
dish_204_IMG_2142_jpeg.rf.6de1f6858f1b93d1783a53e5b01d12ac.jpg,Val
dish_204_IMG_2143_jpeg.rf.265f7991b48fa3e37090641b962a71aa.jpg,Val
dish_205_IMG_2164_jpeg.rf.db0934ee515686892bc1d635f279e9c7.jpg,Train
dish_205_IMG_2172_jpeg.rf.5595d4dd4032bcaf9b0da0720c406cf1.jpg,Train
dish_205_IMG_2173_jpeg.rf.3c8d05f72a3bf783001c02c5f31a8630.jpg,Train
dish_205_IMG_2187_jpeg.rf.66e1deaa8921c973a224c8ed70e0ea4f.jpg,Train
dish_206_IMG_2193_jpeg.rf.529ab8e7bc491ab33826e94c3d5b860f.jpg,Train
dish_206_IMG_2197_jpeg.rf.32052419996df3a456a47eec43f35d23.jpg,Train
dish_206_IMG_2209_jpeg.rf.87f2c3e5b0fbf3cd69cb3275fa418ce7.jpg,Train
dish_206_IMG_2221_jpeg.rf.b66470d32f3babd46d5bfb0b5fb746e5.jpg,Train
dish_207_IMG_2243_jpeg.rf.cce0e843f6e190f578f6510a395343fb.jpg,Train
dish_207_IMG_2251_jpeg.rf.fa0355e4f4e7f338afc838542428ab88.jpg,Train
dish_207_IMG_2257_jpeg.rf.fd5e93e8c56871cc021292eb46438b45.jpg,Train
dish_207_IMG_2261_jpeg.rf.0102685ad80eaef799de5b135efc89cd.jpg,Train
dish_208_IMG_2278_jpeg.rf.c9f7ee1f647233b8c56f24754bd52a2d.jpg,Train
dish_208_IMG_2285_jpeg.rf.ac285e5e710306a255903e1b3148c464.jpg,Train
dish_208_IMG_2291_jpeg.rf.1ab78e085839d8a293477d2a18f2d2ab.jpg,Train
dish_208_IMG_2296_jpeg.rf.c3fdb2e91f9676a095533a07c1e8f2a5.jpg,Train
dish_209_IMG_2309_jpeg.rf.5f024cbfed215d1ebd94e9ef0a4721bd.jpg,Train
dish_209_IMG_2311_jpeg.rf.e8843f6eeb766aeb491d70108bb35bed.jpg,Train
dish_209_IMG_2317_jpeg.rf.e7960724400b8a28906f1d8b4a5af985.jpg,Train
dish_209_IMG_2326_jpeg.rf.d0096f023a72e42d48170da0377afeca.jpg,Train
dish_210_IMG_2348_jpeg.rf.a9c4fef67ad77d469173e9f9141447e3.jpg,Train
dish_210_IMG_2358_jpeg.rf.c17ae8e627591466f2f5205ff68affa3.jpg,Train
dish_210_IMG_2360_jpeg.rf.5b945e1a74140108d5fd8047881e4d26.jpg,Train
dish_210_IMG_2364_jpeg.rf.695d9261054cdebfcc028ae161c2927e.jpg,Train
dish_211_IMG_2378_jpeg.rf.b267e8f586535bb0ebb2d05873b1cf43.jpg,Train
dish_211_IMG_2387_jpeg.rf.e186737347e40163404864054dd12ddc.jpg,Train
dish_211_IMG_2389_jpeg.rf.7c5690a144a4f24768d6e2b3973fa5cf.jpg,Train
dish_211_IMG_2395_jpeg.rf.7021a79993fd01bfe83f7520b1f4508f.jpg,Train
dish_212_IMG_2424_jpeg.rf.9c9ea910c4b8bec9314f857be370b61d.jpg,Train
dish_212_IMG_2433_jpeg.rf.25e26d7fffd6ad628853c5719bde5703.jpg,Train
dish_212_IMG_2434_jpeg.rf.d151d5655cd9c98a5ae840f0cb861276.jpg,Train
dish_212_IMG_2438_jpeg.rf.571c964050464101c7f2a158c13452e6.jpg,Train
dish_213_IMG_2446_jpeg.rf.45d4e2afed35824974bfce5dae8fe582.jpg,Train
dish_213_IMG_2459_jpeg.rf.7c56df6954bd554bee7cb3df336b6936.jpg,Train
dish_213_IMG_2466_jpeg.rf.bd47af87bd2e1a2bb35cc1c2b683dfbf.jpg,Train
dish_213_IMG_2468_jpeg.rf.7d92d022448d3b25d61b988f33197727.jpg,Train
dish_214_IMG_2489_jpeg.rf.2a6031566a70aaac2eb48a8fad941f22.jpg,Train
dish_214_IMG_2510_jpeg.rf.9488c9cdba30a3ef3fb1da20588ccbf9.jpg,Train
dish_214_IMG_2515_jpeg.rf.b800dc55a0c6c3fa6a3191bf60a8e9b3.jpg,Train
dish_214_IMG_2518_jpeg.rf.85b9f8b67ad3a07d684b1aa613238491.jpg,Train
dish_215_IMG_2531_jpeg.rf.d456753ee3812cf4f6dc54dba9aff64c.jpg,Train
dish_215_IMG_2535_jpeg.rf.e403ec76063d46312f2cb933f5e5110f.jpg,Train
dish_215_IMG_2546_jpeg.rf.bc6bfe9e79408916dfbea0488b62e55a.jpg,Train
dish_215_IMG_2553_jpeg.rf.7da93310746dbc6a52492265ca0b719a.jpg,Train
dish_216_IMG_2561_jpeg.rf.1e78696334f52efb91241ce471c69321.jpg,Train
dish_216_IMG_2562_jpeg.rf.ceefdbf3bbc022d0af8f041d60aff31f.jpg,Train
dish_216_IMG_2573_jpeg.rf.5e79e683ef63d93b1c6fb90512365916.jpg,Train
dish_216_IMG_2582_jpeg.rf.9a4200d181bcea102803b841ae0ffe32.jpg,Train
dish_217_IMG_2607_jpeg.rf.390ccd1192cfeca0d68bfbfce3ec19ae.jpg,Train
dish_217_IMG_2617_jpeg.rf.422ba609838aca710c149f9ce3123959.jpg,Train
dish_217_IMG_2623_jpeg.rf.91bba4e39e61c741fbc7e959609a6e9b.jpg,Train
dish_217_IMG_2626_jpeg.rf.636d19c3c87491533b368d163a16e92c.jpg,Train
dish_218_IMG_2641_jpeg.rf.6c9082c275ccba26b6ec5d7c006d4401.jpg,Train
dish_218_IMG_2648_jpeg.rf.2fcacffa304fef17b45edbe57fb840ff.jpg,Train
dish_218_IMG_2662_jpeg.rf.b385a6badc079fccbcffc4602caa3489.jpg,Train
dish_218_IMG_2665_jpeg.rf.bbac45efe016ddbf1c748ab2ac3892c8.jpg,Train
dish_219_IMG_2672_jpeg.rf.11f857f98549d661fc7299c11ed9876e.jpg,Train
dish_219_IMG_2676_jpeg.rf.6477827433825fd8db9bd8feb5f8f37b.jpg,Train
dish_219_IMG_2681_jpeg.rf.aa9fe71682a3b0827dfbaa8b84de03f5.jpg,Train
dish_219_IMG_2692_jpeg.rf.1af9b5118db5049c943c2166a075ffe5.jpg,Train
dish_21_IMG_7136_jpeg.rf.6bbcb96c19d5663c8e5eba0d32006456.jpg,Train
dish_220_IMG_2709_jpeg.rf.6878c5b48235e3f97c41c58f155f6155.jpg,Val
dish_220_IMG_2713_jpeg.rf.92d3fae17b193d4c3d6f6b59339831ed.jpg,Val
dish_220_IMG_2714_jpeg.rf.4f6430078681715812b11230f2e1e27f.jpg,Val
dish_220_IMG_2733_jpeg.rf.149e8f2da6774d1b67223efbb0ad342a.jpg,Val
dish_221_IMG_2748_jpeg.rf.21aa2e053d72200251e064b2108ef4f3.jpg,Val
dish_221_IMG_2765_jpeg.rf.82434628c9e336dbfcc5f7fd6d161406.jpg,Val
dish_221_IMG_2766_jpeg.rf.ac14be3d6de7d227412fd74401104a34.jpg,Val
dish_221_IMG_2767_jpeg.rf.4d8a321f92a194a993bf7b21b1bb8424.jpg,Val
dish_222_IMG_2789_jpeg.rf.71f1bd71e90b53b9af817388c56e85cf.jpg,Val
dish_222_IMG_2802_jpeg.rf.ebfd598ba06dae301fb757001afe03c5.jpg,Val
dish_222_IMG_2806_jpeg.rf.19a2a59c9f34228b04751864789efe87.jpg,Val
dish_222_IMG_2807_jpeg.rf.8e6cbb6a0f9c7c9766cd5d8296c749b5.jpg,Val
dish_223_IMG_2822_jpeg.rf.9ae38bdc2b8e7af6209fa15f36ab4c54.jpg,Val
dish_223_IMG_2843_jpeg.rf.3c36e5ef2201307c07804b7e70f16bd5.jpg,Val
dish_223_IMG_2845_jpeg.rf.74be1cc2a995320ef02a1f57c16fd344.jpg,Val
dish_223_IMG_2846_jpeg.rf.a6425a42d64d8f85563ef44b3597c4d9.jpg,Val
dish_224_IMG_2854_jpeg.rf.ad40e6d80a6b9e27567d85c408275a14.jpg,Train
dish_224_IMG_2860_jpeg.rf.00704f6218ed2d046380d877be40fdcf.jpg,Train
dish_224_IMG_2863_jpeg.rf.37a15ef4b4e276647664fac8ab319986.jpg,Train
dish_224_IMG_2882_jpeg.rf.3bc2af9ae50afdac703956321ac2970a.jpg,Train
dish_225_IMG_2901_jpeg.rf.5f59f38e7791a3427a1e0c422da0ac63.jpg,Train
dish_225_IMG_2907_jpeg.rf.79bc4720cd8c602c523228c763dfe576.jpg,Train
dish_225_IMG_2910_jpeg.rf.64ab45e650085a6227fa9e81ddfa2eab.jpg,Train
dish_225_IMG_2921_jpeg.rf.4dd704a67631f52f76c328ae21341802.jpg,Train
dish_226_IMG_2928_jpeg.rf.63d843c8a5ab9571dc7f6c8876dbfbcd.jpg,Train
dish_226_IMG_2929_jpeg.rf.5fb412cdb17213ace1621427dff91d93.jpg,Train
dish_226_IMG_2935_jpeg.rf.837490192f8c7bc42d7816a120294123.jpg,Train
dish_226_IMG_2950_jpeg.rf.39644d84c661cbf640f4f7b552157267.jpg,Train
dish_227_IMG_2970_jpeg.rf.9f3b586123f496d103f00e389c0f435b.jpg,Train
dish_227_IMG_2975_jpeg.rf.514460f348fc28332d5c9c5eb209688e.jpg,Train
dish_227_IMG_2982_jpeg.rf.de0f26217ea2a3e6f25f7612eb9e2f4e.jpg,Train
dish_227_IMG_2984_jpeg.rf.4a3234e5ac7c1a873555c02007f4a3a2.jpg,Train
dish_228_IMG_3003_jpeg.rf.e8d952efba33da7ba2befac3bbfc4255.jpg,Train
dish_228_IMG_3006_jpeg.rf.7d6a2a279cc98e5ea354826730bc448d.jpg,Train
dish_228_IMG_3017_jpeg.rf.68d1ae4e0d560924d230afdafc4ba0e4.jpg,Train
dish_228_IMG_3021_jpeg.rf.1179c5851bc2bba9077b05e943611903.jpg,Train
dish_229_IMG_3041_jpeg.rf.aa069ad7c8a762650bd19d9266df7708.jpg,Val
dish_229_IMG_3044_jpeg.rf.ab36bb12d07c1fe0b158d61fc41c5c40.jpg,Val
dish_229_IMG_3055_jpeg.rf.498edb92c91abb121b338d269d83503a.jpg,Val
dish_229_IMG_3064_jpeg.rf.aa900b6f528a3bd77d5a5c542ff54c03.jpg,Val
dish_230_IMG_3080_jpeg.rf.1db16b72883ae491774adbbde2cb05b8.jpg,Val
dish_230_IMG_3083_jpeg.rf.c79f0964b0e9460fd04f0c3f48f680e6.jpg,Val
dish_230_IMG_3088_jpeg.rf.efffb937493885195e1a26e809d689f3.jpg,Val
dish_230_IMG_3096_jpeg.rf.607d81b133c44ba14864485c4a667a15.jpg,Val
dish_231_IMG_3119_jpeg.rf.adc86ff99c8f3f9002270eec7078df87.jpg,Val
dish_231_IMG_3120_jpeg.rf.4259df643c5b8354054d7c6cdd52c135.jpg,Val
dish_231_IMG_3135_jpeg.rf.891b02198873435b052f66a4fbc66b00.jpg,Val
dish_231_IMG_3138_jpeg.rf.839bf775ed03b5e38be12bf66efc4b23.jpg,Val
dish_232_IMG_3147_jpeg.rf.795276e97e723592d075f4af8b058933.jpg,Val
dish_232_IMG_3157_jpeg.rf.7e21132cb837aafb671163a2a03ed61b.jpg,Val
dish_232_IMG_3165_jpeg.rf.8a79ef8a4a6f1407613ed1bf81630c51.jpg,Val
dish_232_IMG_3172_jpeg.rf.1bc126210d733fd66aaafb43a2766008.jpg,Val
dish_233_IMG_3187_jpeg.rf.0e979222d5c3617915ba19716ff3fd8c.jpg,Train
dish_233_IMG_3188_jpeg.rf.ead4f0dc4b607cb460d6f8149d0b3456.jpg,Train
dish_233_IMG_3198_jpeg.rf.264d604f3e3896e24ab4641a470b70ad.jpg,Train
dish_233_IMG_3199_jpeg.rf.d7d476a4635d9542e70453bcea486da5.jpg,Train
dish_234_IMG_3222_jpeg.rf.d6ceb34d82d30984a34ea92b636b999f.jpg,Train
dish_234_IMG_3226_jpeg.rf.394d2cede7ae25567f7451319b8d3522.jpg,Train
dish_234_IMG_3235_jpeg.rf.6eaa4bf4202ce381bbfe562c4a1d6300.jpg,Train
dish_234_IMG_3237_jpeg.rf.bfd36393214fdd4576a28b37bfc03e9c.jpg,Train
dish_235_IMG_3253_jpeg.rf.17add6509902de8015e2d37a33c181bf.jpg,Train
dish_235_IMG_3256_jpeg.rf.34c8a9e400417830f7161d8479d242c5.jpg,Train
dish_235_IMG_3268_jpeg.rf.af26ac7de519c4206fa20c9c313d5905.jpg,Train
dish_235_IMG_3277_jpeg.rf.0ae40cae73c7625b60dc06ad550a2a8c.jpg,Train
dish_236_IMG_3286_jpeg.rf.c6bb506791a4c28616e9632b0b8f38e0.jpg,Train
dish_236_IMG_3295_jpeg.rf.d43c921cfbd8829fd125b0c4c046496a.jpg,Train
dish_236_IMG_3303_jpeg.rf.71fcce28a7cc8e7a4511ba41e7fb560b.jpg,Train
dish_236_IMG_3306_jpeg.rf.43c1dc7bc9dfe2c1de33e7f116e044ee.jpg,Train
dish_237_IMG_3322_jpeg.rf.3654e742a340cb9d97e8be427c8effe2.jpg,Train
dish_237_IMG_3323_jpeg.rf.c05a4315bdfc27b32f823c5a5c07407f.jpg,Train
dish_237_IMG_3328_jpeg.rf.8d8c7410929b4252ea0cc3699206a8fa.jpg,Train
dish_237_IMG_3334_jpeg.rf.914b26919aedba6ce36e2a76b1cc6dd7.jpg,Train
dish_238_IMG_3369_jpeg.rf.ab99bee0e53f0a0bfa45a0fab0be77e5.jpg,Train
dish_238_IMG_3371_jpeg.rf.aed21a080d70453734d92f96eacd6e49.jpg,Train
dish_238_IMG_3373_jpeg.rf.301b199cb9ef1d22eaaff48bcd0a4725.jpg,Train
dish_238_IMG_3374_jpeg.rf.087351d43aa073b4f5a21c583927bb4b.jpg,Train
dish_239_IMG_3412_jpeg.rf.e7317edb6eb67500042c841996f515be.jpg,Train
dish_239_IMG_3414_jpeg.rf.415c6085aa7806cd263bbfe78ea44a79.jpg,Train
dish_239_IMG_3424_jpeg.rf.8bf1289af6786fa0037970d6ae4201d2.jpg,Train
dish_239_IMG_3430_jpeg.rf.fe8b17536e847efb37ebe999bd7f0de0.jpg,Train
dish_23_IMG_5706_jpeg.rf.ee6d76932000d6ed3ef42fc522acca5c.jpg,Train
dish_23_IMG_5731_jpeg.rf.1a805064a0496a7138ca82106fb7c641.jpg,Train
dish_23_IMG_5734_jpeg.rf.11c914435799b39f62b65e22b7151109.jpg,Train
dish_23_IMG_5737_jpeg.rf.eefa95d0c097c9c56359eba7cbdd72d7.jpg,Train
dish_240_IMG_3450_jpeg.rf.eb0ac2d7a2738f80810bd9e4ba33d2ec.jpg,Train
dish_240_IMG_3451_jpeg.rf.faf25b539baa901730c5d62c11240ee7.jpg,Train
dish_240_IMG_3464_jpeg.rf.84c80688c6004843b5923bf66a1e4640.jpg,Train
dish_240_IMG_3469_jpeg.rf.b0fb29a4713acb96eadfb0a56b1ba128.jpg,Train
dish_241_IMG_3494_jpeg.rf.49c4cba6870e5f335635fc834a58773d.jpg,Train
dish_241_IMG_3498_jpeg.rf.a74318e5596556fa06ca9a15537cd6d4.jpg,Train
dish_241_IMG_3499_jpeg.rf.770caa73070da7d48ba240079c678902.jpg,Train
dish_241_IMG_3504_jpeg.rf.22fb3c43ac59397dd5f9a1c86809a696.jpg,Train
dish_242_IMG_3517_jpeg.rf.47c6c2496aa34f875abb8edaf249d217.jpg,Val
dish_242_IMG_3520_jpeg.rf.23b7876943fd5e8dd3c93794e7edd3de.jpg,Val
dish_242_IMG_3535_jpeg.rf.32babe95bdda7c9892a4a9ec6a7fb3c8.jpg,Val
dish_242_IMG_3539_jpeg.rf.5eb99de188bbc6a06ba23c12a8bec02e.jpg,Val
dish_243_IMG_3552_jpeg.rf.bfd3cfdbd4f97df430501f8d7fff6182.jpg,Val
dish_243_IMG_3559_jpeg.rf.bb6ce1323369d886a4cabb63678dfa2e.jpg,Val
dish_243_IMG_3563_jpeg.rf.e34f3108db7e9c95ec6650d1c223f1ba.jpg,Val
dish_243_IMG_3576_jpeg.rf.fe2b088ac2d6653d8388b0e72625e607.jpg,Val
dish_244_IMG_3594_jpeg.rf.efe3d3578efbaad4ab5cd27c1ce34f58.jpg,Train
dish_244_IMG_3595_jpeg.rf.12f14ebb5b70d98ba012c0e2b757824d.jpg,Train
dish_244_IMG_3597_jpeg.rf.6f19b77d865e9eb1fd4f5c0ec30661cf.jpg,Train
dish_244_IMG_3618_jpeg.rf.036e765af8e8cae8fd1baafbcbb20bb0.jpg,Train
dish_245_IMG_3624_jpeg.rf.f8210e895375a2a28a72d234e81aa93c.jpg,Train
dish_245_IMG_3628_jpeg.rf.68ae47ddacf0d2b6e7d9f2e53fe3ca3f.jpg,Train
dish_245_IMG_3649_jpeg.rf.5861ce05cf4e0e428bab3ee27cf1a1a9.jpg,Train
dish_245_IMG_3653_jpeg.rf.15425a4b8fbe67ed616f467f22325cea.jpg,Train
dish_246_IMG_3663_jpeg.rf.18ea9a91f9045cbcdb533a5bb02e674e.jpg,Val
dish_246_IMG_3674_jpeg.rf.0ea967800d5e519b5cdf694ec34f0899.jpg,Val
dish_246_IMG_3687_jpeg.rf.7ea770c00ba84decf64e2d44e02569a4.jpg,Val
dish_246_IMG_3690_jpeg.rf.bd686c6d821240f5a1f005b260d432ab.jpg,Val
dish_247_IMG_3699_jpeg.rf.9ddedc94eda20f74b1008622f2432d71.jpg,Val
dish_247_IMG_3709_jpeg.rf.de954cdd19edeb20428faef9ec857d07.jpg,Val
dish_247_IMG_3721_jpeg.rf.aeaba498dd21cef0b071f1f9be660492.jpg,Val
dish_247_IMG_3724_jpeg.rf.62c60865479c0808942967dffeb3937d.jpg,Val
dish_248_IMG_3735_jpeg.rf.8e28766547b442971317e91025f2a4f7.jpg,Train
dish_248_IMG_3738_jpeg.rf.977420572dec2372d1e428def5d6f8fb.jpg,Train
dish_248_IMG_3746_jpeg.rf.84098208da9e0547f382ffce8b888a43.jpg,Train
dish_248_IMG_3748_jpeg.rf.cf189e8d5551510bf353e6987c8edc61.jpg,Train
dish_249_IMG_3777_jpeg.rf.746173b2d163a427993ff0597b495c85.jpg,Train
dish_249_IMG_3780_jpeg.rf.03dfb14f0c8e706dade173c49b08b7cc.jpg,Train
dish_249_IMG_3782_jpeg.rf.0270431d028aba63a305217689c3b8c6.jpg,Train
dish_249_IMG_3790_jpeg.rf.6bac4c3fce2b21c9acbe1362d36c0983.jpg,Train
dish_24_IMG_5751_jpeg.rf.af188e42b0b38829e53fc1f6421d24c8.jpg,Train
dish_24_IMG_5754_jpeg.rf.095f8d99a8136a5c2dd927593356c9f4.jpg,Train
dish_24_IMG_5765_jpeg.rf.9beea5446eba06ffa3775697cbc58ba7.jpg,Train
dish_24_IMG_5773_jpeg.rf.2169c716b648c89c817b81be74b50cbe.jpg,Train
dish_250_IMG_3804_jpeg.rf.10ad53a6fefd917a6148bc667765cc4e.jpg,Train
dish_250_IMG_3807_jpeg.rf.7fd074625dcd9154b7e0575feb470c56.jpg,Train
dish_250_IMG_3821_jpeg.rf.4f5419bcbbb3832eb8130f1b046bd5c4.jpg,Train
dish_250_IMG_3831_jpeg.rf.7ab82ab42a63d0acdc90d466faa4ce18.jpg,Train
dish_251_IMG_3863_jpeg.rf.9a9031d2b86bef3122515bae260e0efa.jpg,Train
dish_251_IMG_3864_jpeg.rf.3d7368ea522a9a559bfd10757e325f74.jpg,Train
dish_251_IMG_3878_jpeg.rf.67c80391cee2d65288c383812bb8d132.jpg,Train
dish_251_IMG_3880_jpeg.rf.67712ed24116b333a2bcfd2de21b680f.jpg,Train
dish_25_IMG_5801_jpeg.rf.7ea07c9740c3123110b437f33d1dd24b.jpg,Train
dish_25_IMG_5809_jpeg.rf.be277a0c7b0ffd6383716a40d703a200.jpg,Train
dish_25_IMG_5820_jpeg.rf.25f22a564c1a6b88d41e67e21af38d23.jpg,Train
dish_25_IMG_5823_jpeg.rf.355f0162ad2dee514a20c03c53074c8b.jpg,Train
dish_26_IMG_6405_jpeg.rf.5e9c2e7816e054bd13b39e3fd98e6976.jpg,Train
dish_26_IMG_6408_jpeg.rf.2ced6efafaf6c2e72e79cc667272cc88.jpg,Train
dish_26_IMG_6424_jpeg.rf.df8c3131f84d2accd0be103a92856053.jpg,Train
dish_26_IMG_6426_jpeg.rf.6d435dcfc8737fdebbcccae3f5617561.jpg,Train
dish_27_IMG_5841_jpeg.rf.87ca9f298eda926007b680d84eb57bb2.jpg,Train
dish_27_IMG_5845_jpeg.rf.bf5b06868f2ba366d630652023875109.jpg,Train
dish_27_IMG_5867_jpeg.rf.e9f9a9c4a3f70c0dde23313b846e182d.jpg,Train
dish_27_IMG_5869_jpeg.rf.302521c6b9ccfc3d5c650e9ee6fc2643.jpg,Train
dish_28_IMG_5907_jpeg.rf.efcd3e0a66c72e73cfe7b40776ea7bf2.jpg,Train
dish_28_IMG_5910_jpeg.rf.29e145afae34e2a219462b296242f7a3.jpg,Train
dish_28_IMG_5911_jpeg.rf.f9fde3195f8ca18f2db04bd63acd8d5d.jpg,Train
dish_28_IMG_5920_jpeg.rf.e764535bb9935b6f59f424183ebe6c24.jpg,Train
dish_29_IMG_6431_jpeg.rf.ae7d11defb02a58a3fb280bc30fa7c3b.jpg,Train
dish_29_IMG_6437_jpeg.rf.1d4d639c0760a6e2fc9dbb288ff5f132.jpg,Train
dish_29_IMG_6446_jpeg.rf.b4528867e65595cdc98f0f5564f56b23.jpg,Train
dish_29_IMG_6448_jpeg.rf.cbeda7395257cf5e9cd69cfe924faa7e.jpg,Train
dish_2_IMG_7112_jpeg.rf.5b7a5ff7e75bd9478a577d1ab0c87dcc.jpg,Train
dish_30_IMG_5972_jpeg.rf.924a99e528b67984f3d852ba2f0d678c.jpg,Train
dish_30_IMG_5981_jpeg.rf.587473bb4f042b8972b97e0f07f6853c.jpg,Train
dish_30_IMG_5985_jpeg.rf.22fa40b63507c6dd133d59faddf34c87.jpg,Train
dish_30_IMG_5988_jpeg.rf.fe1b8f990ff3f6978aa371ba44bcd7c5.jpg,Train
dish_31_IMG_5935_jpeg.rf.41e3fb27891d9e23b0fbeff60e861df5.jpg,Train
dish_31_IMG_5936_jpeg.rf.7ce05435d4a7bcfaf0e8093efa2949a8.jpg,Train
dish_31_IMG_5943_jpeg.rf.596db84ec131f3879e07f55c92c2dae7.jpg,Train
dish_31_IMG_5953_jpeg.rf.355b04ce335df1b5e71d967881708d78.jpg,Train
dish_32_IMG_6004_jpeg.rf.6bbba3e4642f71f504fd983f0891adfb.jpg,Train
dish_32_IMG_6021_jpeg.rf.9e596746e9ae8bace5e7cbb600cf614a.jpg,Train
dish_32_IMG_6025_jpeg.rf.4c8d5ffa989dcd4f62564566f0f37eab.jpg,Train
dish_32_IMG_6031_jpeg.rf.7e59b66dc37624691174f16026aea28d.jpg,Train
dish_33_IMG_6046_jpeg.rf.16c20413f84041dce397e1f135edcd37.jpg,Train
dish_33_IMG_6047_jpeg.rf.ff8a59f64c074b0118b12647ec207141.jpg,Train
dish_33_IMG_6058_jpeg.rf.8e48a93e0b90cd7521a9513f3bf745d9.jpg,Train
dish_33_IMG_6068_jpeg.rf.5f87d809f5e96f84a665b829bded0293.jpg,Train
dish_34_IMG_6081_jpeg.rf.a4b6cfff8c3a3f206c893f23972bf99c.jpg,Train
dish_34_IMG_6093_jpeg.rf.0b0f61c6dec05e4ef5436706ec99855f.jpg,Train
dish_34_IMG_6103_jpeg.rf.7f28d7cf2d1c79ed7fef4d5d5ece2697.jpg,Train
dish_34_IMG_6106_jpeg.rf.a26b07c81dce1c91797b2dfd703cb21b.jpg,Train
dish_35_IMG_6136_jpeg.rf.0f9651337a19a3e97a9dcbf45fcf1ef5.jpg,Train
dish_35_IMG_6468_jpeg.rf.28be9a2ab6899cc7d393c7c51cb389bc.jpg,Train
dish_35_IMG_6478_jpeg.rf.5e6e2dab7de16357a807976a9f6205e6.jpg,Train
dish_35_IMG_6482_jpeg.rf.005b9798d1f264d9d9473d22fd4b161d.jpg,Train
dish_36_IMG_6149_jpeg.rf.25304e133f27ede4db788e51b756a122.jpg,Val
dish_36_IMG_6488_jpeg.rf.1b2337dab87b2c2e376d2b47738fbb06.jpg,Val
dish_36_IMG_6490_jpeg.rf.f01172709b66dfe1edfb825fdcd9e47a.jpg,Val
dish_36_IMG_6499_jpeg.rf.fd644fa545c8c143df99a1174b50c727.jpg,Val
dish_37_IMG_6168_jpeg.rf.b432a0ccdca4e90a7cd5098e2aa5ef49.jpg,Val
dish_37_IMG_6173_jpeg.rf.7506a23b5a54a03f50d4198d1dc20087.jpg,Val
dish_37_IMG_6502_jpeg.rf.4884c19b63ba33f40fffb660d75427de.jpg,Val
dish_37_IMG_6516_jpeg.rf.5d832666f13da3a1ef3c5bead4a0d82d.jpg,Val
dish_38_IMG_6181_jpeg.rf.b856f0f038f3b60fc552fb9d1a212164.jpg,Val
dish_38_IMG_6187_jpeg.rf.40c9eaa6e96eedc817c5cbf9689ae9ea.jpg,Val
dish_38_IMG_6188_jpeg.rf.794d88ec98897c8bf8d45b11baafed72.jpg,Val
dish_38_IMG_6190_jpeg.rf.c53f3cff3c32b33a3d44b3a0e8e50aa8.jpg,Val
dish_39_IMG_6208_jpeg.rf.4be73431f0d19044aab5da106593b0fc.jpg,Val
dish_39_IMG_6543_jpeg.rf.8a98fcf1b07916729dac351d303ca5e1.jpg,Val
dish_39_IMG_6546_jpeg.rf.97a295e2eb2ad4204b496fbf3e5ccf05.jpg,Val
dish_39_IMG_6552_jpeg.rf.bef89b72a3a26455ab8b7777375dbbf3.jpg,Val
dish_40_IMG_6225_jpeg.rf.f3c25ebd49dfe99599afb1c01b338c8f.jpg,Val
dish_40_IMG_6562_jpeg.rf.e4f4c226b6e71da033bf59e8b82c3889.jpg,Val
dish_40_IMG_6569_jpeg.rf.36fc7605dcb426ddb276cc0d38ade0a2.jpg,Val
dish_40_IMG_6573_jpeg.rf.ce70395c59592bf82cbce49ee299986d.jpg,Val
dish_41_IMG_6249_jpeg.rf.06c2c0dee7eb5c01915c3735b4272c7a.jpg,Train
dish_41_IMG_6584_jpeg.rf.d5298c96fa751f2b5cf16157a442f109.jpg,Train
dish_41_IMG_6585_jpeg.rf.1cc42ee6f854c018930de1db2367492d.jpg,Train
dish_41_IMG_6586_jpeg.rf.046701ea7ceea9c4f51179d73aacdc20.jpg,Train
dish_42_IMG_6261_jpeg.rf.9f8e046c309a9be9133e4f676c0a23a8.jpg,Train
dish_42_IMG_6264_jpeg.rf.56d94714091671bd728c22595ae75056.jpg,Train
dish_42_IMG_6277_jpeg.rf.3379c2cdb1d1e3801f078777ee25955a.jpg,Train
dish_42_IMG_6283_jpeg.rf.b1feddda8714e3cf904853be8216a4c4.jpg,Train
dish_43_IMG_6294_jpeg.rf.1385f48cbde8a5f9ec72f8842f6a7d92.jpg,Train
dish_43_IMG_6595_jpeg.rf.e505eb24e04b7fe220056364c82629b5.jpg,Train
dish_43_IMG_6597_jpeg.rf.d746c7fca64695235a9e4e24e6a717fc.jpg,Train
dish_43_IMG_6603_jpeg.rf.f78f0b88d764ef91a1da6530bcbcda6e.jpg,Train
dish_44_IMG_6612_jpeg.rf.ffe67b429a9ff710576b3efdf2a732b0.jpg,Train
dish_44_IMG_6613_jpeg.rf.745f44e6c50085468b3c5e98672734e5.jpg,Train
dish_44_IMG_6615_jpeg.rf.3becfc862f397e2686c22a98e080a3a7.jpg,Train
dish_44_IMG_6639_jpeg.rf.ebe22e603541217fb77e7cba52dfed5b.jpg,Train
dish_45_IMG_6310_jpeg.rf.25b8165d25a47f40f8029d5f773f9f90.jpg,Val
dish_45_IMG_6318_jpeg.rf.2ad34edbbe939fbc3ec49ce8f000e8c6.jpg,Val
dish_45_IMG_6648_jpeg.rf.389524fb7130401d13ff10b00e471d56.jpg,Val
dish_45_IMG_6655_jpeg.rf.d9539d7363b05e724b27588436a5c23c.jpg,Val
dish_46_IMG_6663_jpeg.rf.c72b4c52304ea2a5a682f13332d07da2.jpg,Val
dish_46_IMG_6666_jpeg.rf.0d5f6b3724916903ec0582e3337979b7.jpg,Val
dish_47_IMG_6354_jpeg.rf.05ecd751c143e90cd09cf03e8e0d7f6e.jpg,Val
dish_47_IMG_6684_jpeg.rf.ff1c1cfd95319d42cce7765197d145d5.jpg,Val
dish_47_IMG_6687_jpeg.rf.ea2026c5e9662f7d196556dca5ca82db.jpg,Val
dish_47_IMG_6690_jpeg.rf.94764f5154322b177a8e5f5d30862a60.jpg,Val
dish_48_IMG_6695_jpeg.rf.90d531856b243615314caced874b56a2.jpg,Train
dish_48_IMG_6703_jpeg.rf.e64ef24b39c944719993bbf6a277944a.jpg,Train
dish_48_IMG_6710_jpeg.rf.0385bf750db3df86fef88964dfa4a905.jpg,Train
dish_48_IMG_6721_jpeg.rf.229f2fac925a17f3e4ef7920b6fe88b1.jpg,Train
dish_49_IMG_6742_jpeg.rf.1213f608643defd2b0ca3ef7bcdd09b7.jpg,Train
dish_49_IMG_6759_jpeg.rf.65a35b54b45be5e872fd0c286d539e33.jpg,Train
dish_49_IMG_6766_jpeg.rf.e4f0eacba561feea1c2714306bb7ba94.jpg,Train
dish_49_IMG_6769_jpeg.rf.d113ff8281a464c0e286314819b7a25b.jpg,Train
dish_50_IMG_6781_jpeg.rf.19bacfe5ca075d35868a639f17ed39ad.jpg,Train
dish_50_IMG_6802_jpeg.rf.99f8a1c8d6e4c1fb05ae865804b22b90.jpg,Train
dish_50_IMG_6804_jpeg.rf.62c5a7297f2b1d2b2df40759d27bb462.jpg,Train
dish_50_IMG_6806_jpeg.rf.eaf8c782c5610891e2f9e6bc51f69857.jpg,Train
dish_51_IMG_6352_jpeg.rf.38852285007669d20ea874758f7989bc.jpg,Train
dish_51_IMG_6355_jpeg.rf.c8d8c264c88ed73c08745f227e36ffa8.jpg,Train
dish_51_IMG_6823_jpeg.rf.346efc2cfdc46f0f67636e947d2ecd5d.jpg,Train
dish_51_IMG_6826_jpeg.rf.d5ff5526f583ccdd39ee73a207dbb038.jpg,Train
dish_52_IMG_6395_jpeg.rf.2a507ff8a0eacc735ac1cce60e45d005.jpg,Train
dish_52_IMG_6404_jpeg.rf.b14c409533245a92f21f2d9415420683.jpg,Train
dish_52_IMG_6841_jpeg.rf.deeb34d468366b90892d8d4087fc7cad.jpg,Train
dish_52_IMG_6845_jpeg.rf.e8160978b9b7c0d58d3c1cb93ad727c2.jpg,Train
dish_55_IMG_6905_jpeg.rf.60f220addeab9e06853f30b0501bd6f8.jpg,Train
dish_55_IMG_6906_jpeg.rf.3750c9495516c4716cba11a6b4f4c4e5.jpg,Train
dish_55_IMG_6908_jpeg.rf.cfdb365dc15965a1fe8e73c204a0936d.jpg,Train
dish_55_IMG_6910_jpeg.rf.11f580e4f1aebd200ab5abbf6b24974b.jpg,Train
dish_56_IMG_6459_jpeg.rf.222471e0e6a80233b9f7c2328ef10a6c.jpg,Val
dish_56_IMG_6462_jpeg.rf.275833644d69882b6f01b51cc855faf9.jpg,Val
dish_56_IMG_6463_jpeg.rf.47ae183f1839b4bb1aa4fffc4ffa8cb6.jpg,Val
dish_56_IMG_6930_jpeg.rf.f83c84d964edd91ead8267ec4911d0f6.jpg,Val
dish_57_IMG_6483_jpeg.rf.64905f1c9bedd0c9919709c894ec25a4.jpg,Val
dish_57_IMG_6485_jpeg.rf.e0e5ed1f234ad148f8ce0dea64f2b43b.jpg,Val
dish_57_IMG_6957_jpeg.rf.e5542e1a6efca292883af2555e078b04.jpg,Val
dish_57_IMG_6959_jpeg.rf.fae7292701618888be143704da68b2b6.jpg,Val
dish_58_IMG_6491_jpeg.rf.acd135117489f2cd6aa11e7ca7491471.jpg,Val
dish_58_IMG_6501_jpeg.rf.90f4fdbbde40413d4cee715b34e5ef94.jpg,Val
dish_58_IMG_6503_jpeg.rf.cf83004abd322815f6121002129fd11c.jpg,Val
dish_58_IMG_6972_jpeg.rf.c7030ef197866dc51c65b34d8bbf845b.jpg,Val
dish_59_IMG_6992_jpeg.rf.bb5ded37b11d8fb6bdb38d9822708a49.jpg,Val
dish_59_IMG_6999_jpeg.rf.5af6a7144634e2b63c4e35424121afbe.jpg,Val
dish_59_IMG_7002_jpeg.rf.686ce274ce34da1a48771c4ffafc4ed6.jpg,Val
dish_59_IMG_7015_jpeg.rf.0741983af0a4e0b5dfe6273c604752d5.jpg,Val
dish_60_IMG_6523_jpeg.rf.fb14de0fd0351efbbb9d2b84753225e3.jpg,Val
dish_60_IMG_6533_jpeg.rf.f24565eae9f1e61f434563c2da1a94bc.jpg,Val
dish_60_IMG_7021_jpeg.rf.2ada983e32783734de680d1996d78d7b.jpg,Val
dish_60_IMG_7026_jpeg.rf.23c9c4f6302f4b6de9247a54b319f329.jpg,Val
dish_61_IMG_6544_jpeg.rf.2dea5daa025c97e3fa4f3923ed5d52a9.jpg,Train
dish_61_IMG_6550_jpeg.rf.20abc213f39550943698da6ef4f1d19a.jpg,Train
dish_61_IMG_7046_jpeg.rf.60555c6fcff99bd36a8e7873750f63c9.jpg,Train
dish_61_IMG_7051_jpeg.rf.aff210e9a0a253344ad46edf559b6b54.jpg,Train
dish_62_IMG_7091_jpeg.rf.d9255297fa16b84cdc952893a15069a8.jpg,Train
dish_62_IMG_7096_jpeg.rf.93343a2c1f20b6d43bb6e3cadc1ad315.jpg,Train
dish_62_IMG_7098_jpeg.rf.6533d1cb278e2f2423417894cff1ceaf.jpg,Train
dish_62_IMG_7108_jpeg.rf.adc62c4e92694d5c0b23ca0b6666d97b.jpg,Train
dish_63_IMG_6567_jpeg.rf.9ee116cc0eab359e62956df7b8f30b41.jpg,Val
dish_63_IMG_6571_jpeg.rf.5f607d277265940fff09ff121b0a514a.jpg,Val
dish_63_IMG_6579_jpeg.rf.9ff8356798a293ab1b6d1e07d02c0dfb.jpg,Val
dish_63_IMG_7113_jpeg.rf.20123a6fcbfebaa15f9cea73e88a99ad.jpg,Val
dish_64_IMG_6589_jpeg.rf.8a4b051d0b9b2e67594f7e42383b73a4.jpg,Val
dish_64_IMG_7139_jpeg.rf.3cd261a71971c4a2df8b84243049ba48.jpg,Val
dish_64_IMG_7144_jpeg.rf.7338b23e00c9db8fa498048d9f1951ec.jpg,Val
dish_64_IMG_7146_jpeg.rf.8f9f81ed69fc53b4af5d23a00db21ef2.jpg,Val
dish_65_IMG_6605_jpeg.rf.e655e5342d73f6071fb1fcf424d43533.jpg,Val
dish_65_IMG_6609_jpeg.rf.562aa1b2666785ab0dd343993131c583.jpg,Val
dish_65_IMG_7164_jpeg.rf.163ca692c44ff215809107581f37886d.jpg,Val
dish_65_IMG_7168_jpeg.rf.00b2ebc78e63f9a4939db89b7245932c.jpg,Val
dish_67_IMG_7182_jpeg.rf.9b36dae9bba2e2f0dc5edc97b771fc16.jpg,Train
dish_67_IMG_7204_jpeg.rf.e176e4f155ab36a88e126f399934dae0.jpg,Train
dish_67_IMG_7217_jpeg.rf.bfb0d4723a01591cc65b99edd0f6edaf.jpg,Train
dish_67_IMG_7239_jpeg.rf.6b5b3c7418e37db4a21762817ba873c0.jpg,Train
dish_68_IMG_6625_jpeg.rf.5e8c56d5d244b7d5d037201dcb38201f.jpg,Train
dish_68_IMG_6626_jpeg.rf.b2954567620e5fbdc20bca974f0f7e0e.jpg,Train
dish_68_IMG_6634_jpeg.rf.16bf0f48eb6a4fe8e0028c3cbb0517fc.jpg,Train
dish_68_IMG_6635_jpeg.rf.70e6eccefc1a1fdb7e0606a11b075623.jpg,Train
dish_69_IMG_7259_jpeg.rf.7757588bcb578f6d4f236e80d79d5486.jpg,Train
dish_69_IMG_7261_jpeg.rf.da3400308c3f6b3a00f4abe03bb741f8.jpg,Train
dish_69_IMG_7275_jpeg.rf.cbf0e8ee746965202e64096659f168f8.jpg,Train
dish_69_IMG_7279_jpeg.rf.9758b7365f05c3a249bd75ca88514404.jpg,Train
dish_70_IMG_7292_jpeg.rf.98c7366f44025d458f95c6a4d4c47000.jpg,Train
dish_70_IMG_7304_jpeg.rf.06f80301ac9384a018b1e144ae8951a5.jpg,Train
dish_70_IMG_7310_jpeg.rf.3836764e1725b36e3afeb572a6a3e954.jpg,Train
dish_70_IMG_7315_jpeg.rf.ede3fc4c59a23042410c9064d3b47295.jpg,Train
dish_71_IMG_7335_jpeg.rf.5881abb12964acb4bb17f504b301d5cc.jpg,Val
dish_71_IMG_7336_jpeg.rf.4aad780391698e430707fb9fd7b5e2dc.jpg,Val
dish_71_IMG_7363_jpeg.rf.f9502a458ffd16177922e24c54643cf9.jpg,Val
dish_72_IMG_7380_jpeg.rf.c75a03ff8d815d229d96bf94bbe092f7.jpg,Val
dish_72_IMG_7388_jpeg.rf.846c4f6840a9fb821124807e69b7bcad.jpg,Val
dish_72_IMG_7396_jpeg.rf.b591d8e1583bca1616ace476e18ea983.jpg,Val
dish_72_IMG_7402_jpeg.rf.abbbfbd3890234c2b19dd71fdb7fd59a.jpg,Val
dish_73_IMG_7414_jpeg.rf.c22fd4a27af5002e9be6df125250d40f.jpg,Val
dish_73_IMG_7424_jpeg.rf.cbbacc0839c614786405c1b121b95811.jpg,Val
dish_73_IMG_7429_jpeg.rf.8b2f1d08328e68f36111f1f53510eaa2.jpg,Val
dish_73_IMG_7433_jpeg.rf.9a886dc5be72e278bddfea69e6d3555c.jpg,Val
dish_74_IMG_7457_jpeg.rf.c832dcdaf1a854326e57513968140447.jpg,Train
dish_74_IMG_7460_jpeg.rf.0c1de769f09f08b51261b5826a3d3140.jpg,Train
dish_74_IMG_7466_jpeg.rf.6d0e9a6ee4ffde51d20e873a36b1d809.jpg,Train
dish_74_IMG_7478_jpeg.rf.259797322edddf5c1dd8e3ecd42b2ab5.jpg,Train
dish_75_IMG_7522_jpeg.rf.0d832e6448ec773bac2d17cfc4281875.jpg,Train
dish_75_IMG_7524_jpeg.rf.4494992cb00d528c4991fa4befac9d9d.jpg,Train
dish_75_IMG_7529_jpeg.rf.3847423bab89db83eec02a7523cca5c7.jpg,Train
dish_75_IMG_7540_jpeg.rf.a7836a18bad71a16eb50c9fab3063463.jpg,Train
dish_76_IMG_7564_jpeg.rf.316e4d9d6f640623cab70c9c70f7c9d1.jpg,Train
dish_76_IMG_7579_jpeg.rf.5605bee2c1b39f49fca60e33b1e1b3e4.jpg,Train
dish_76_IMG_7582_jpeg.rf.f90e186e9eda74f47062dd80a2a8311f.jpg,Train
dish_76_IMG_7587_jpeg.rf.904e5c9860824296e33109ca9aed26e1.jpg,Train
dish_77_IMG_7604_jpeg.rf.2a2947ce741b667890caadf09258d0be.jpg,Train
dish_77_IMG_7607_jpeg.rf.f1feacee65b9646de8adfafbcd7d1dc4.jpg,Train
dish_77_IMG_7619_jpeg.rf.273f22e4ae0e216e1e777969aa0c8352.jpg,Train
dish_77_IMG_7621_jpeg.rf.e06cd277f630bc5cb568cc072e83aad3.jpg,Train
dish_78_IMG_7651_jpeg.rf.eff0577144bcd0064a6456bfe999a94e.jpg,Train
dish_78_IMG_7654_jpeg.rf.d6b0ab8a2335408089a4542d062da351.jpg,Train
dish_78_IMG_7657_jpeg.rf.4e42a20f9fa99398aa70b53cb64c3b10.jpg,Train
dish_78_IMG_7665_jpeg.rf.ae99f6c86559e74b4bfafe58c386a5c1.jpg,Train
dish_79_IMG_7708_jpeg.rf.b36280b3cd7765dcd13ea4fabddf58cd.jpg,Train
dish_79_IMG_7711_jpeg.rf.00a6c183e9d6176b805cae19fcc82f79.jpg,Train
dish_79_IMG_7714_jpeg.rf.ce2388c54c11be8fc6e0a627a7e9adb9.jpg,Train
dish_79_IMG_7724_jpeg.rf.3bbaad844e9111aff7aea0f234a2937a.jpg,Train
dish_80_IMG_7746_jpeg.rf.298a8a24c201e6af8eff2fa83d009f07.jpg,Train
dish_80_IMG_7749_jpeg.rf.539e244304199663cd569d2349176305.jpg,Train
dish_80_IMG_7753_jpeg.rf.17e73961855d0246ad46b8dd53a4901c.jpg,Train
dish_80_IMG_7761_jpeg.rf.58148285bd5e763f14ebb88e1e49c4ea.jpg,Train
dish_81_IMG_7784_jpeg.rf.21b9a98d104a45d1e61e1b7da3253953.jpg,Train
dish_81_IMG_7793_jpeg.rf.f4c6b0d417c0fe232a9c7c85a95e413b.jpg,Train
dish_81_IMG_7794_jpeg.rf.b31402835027694cba1b45c33388a57c.jpg,Train
dish_81_IMG_7797_jpeg.rf.f33919cce98297636c8987bdd0d1db24.jpg,Train
dish_82_IMG_7820_jpeg.rf.0ae3a31db19a80ffba0a6faa7d44f566.jpg,Train
dish_82_IMG_7826_jpeg.rf.aa326b0272331bef1f602cdc828921ff.jpg,Train
dish_82_IMG_7831_jpeg.rf.1318b06cb51e15d8fe208975ed6c4139.jpg,Train
dish_82_IMG_7832_jpeg.rf.532d1d73049200457bb41f7cd3c45bfa.jpg,Train
dish_83_IMG_7861_jpeg.rf.d52459c09e3e30e5aca6931150f8a4de.jpg,Train
dish_83_IMG_7868_jpeg.rf.750acad261e2a8d435a28663b9095982.jpg,Train
dish_83_IMG_7869_jpeg.rf.e692b183b95046d00115ad56bd368868.jpg,Train
dish_83_IMG_7875_jpeg.rf.b2de48bf7c748a997177a8faec26909e.jpg,Train
dish_84_IMG_7882_jpeg.rf.244958ed830883e7e8a773099e975171.jpg,Train
dish_84_IMG_7888_jpeg.rf.bf5e000a537bdaa94957ba6c1d750337.jpg,Train
dish_84_IMG_7893_jpeg.rf.68f54626cc7d8398a5c146b5fbd792ea.jpg,Train
dish_84_IMG_7903_jpeg.rf.c83ec2546286956797d213aec05a842d.jpg,Train
dish_85_IMG_7920_jpeg.rf.ceb335b97f5032dca2933b28e21a5df9.jpg,Train
dish_85_IMG_7937_jpeg.rf.d0d862810d5abf91bbde054aa5f651e0.jpg,Train
dish_85_IMG_7945_jpeg.rf.92b323ce27a3527d9ca13761a9955dc7.jpg,Train
dish_85_IMG_7947_jpeg.rf.9d239b89eeb7c80e144061cb382c5dab.jpg,Train
dish_86_IMG_7958_jpeg.rf.1a6e9a072eafe941a0d1e6131e5ea67e.jpg,Train
dish_86_IMG_7970_jpeg.rf.84965624ca2d9668209ad04578468834.jpg,Train
dish_86_IMG_7971_jpeg.rf.16e048bba50110934ee3861652315ce7.jpg,Train
dish_86_IMG_7981_jpeg.rf.8468eb81e90ff14f85093ff772f03d8e.jpg,Train
dish_87_IMG_7992_jpeg.rf.61028f6a8526a0e151c18875fa0c8be5.jpg,Val
dish_87_IMG_7994_jpeg.rf.6fe2ba2e0471d7d80c9aa4f645841e24.jpg,Val
dish_87_IMG_8005_jpeg.rf.2896646ed40bc9ee97d775a91d091679.jpg,Val
dish_87_IMG_8009_jpeg.rf.1d678f3c44810578cb4b5d37af6acf89.jpg,Val
dish_88_IMG_8030_jpeg.rf.319d6e8124ab77fd7d6d2a96c4b26e30.jpg,Val
dish_88_IMG_8031_jpeg.rf.e01e49cc358b70bfa0d75bec1708f4d2.jpg,Val
dish_88_IMG_8044_jpeg.rf.8b34217dbfccd6c3c7a69c27fa1952e3.jpg,Val
dish_88_IMG_8049_jpeg.rf.5b3cc7c646beb97de1147ca35bff71cf.jpg,Val
dish_89_IMG_8062_jpeg.rf.a47b726296502e378b3924aa11bdeb1d.jpg,Val
dish_89_IMG_8071_jpeg.rf.c59aeb9bb416bce9bc2d810e89ed349d.jpg,Val
dish_89_IMG_8072_jpeg.rf.932d6ac42ffc91430fb0b3022fa406be.jpg,Val
dish_89_IMG_8078_jpeg.rf.e18b7b0fc99cf9261401599ff9dd1a48.jpg,Val
dish_90_IMG_8106_jpeg.rf.854d5463ab0cfd94a505b074c90c07fa.jpg,Val
dish_90_IMG_8109_jpeg.rf.82857a276820818541f9650f59c056f2.jpg,Val
dish_90_IMG_8119_jpeg.rf.76c17c44a530f7676dcefaa8373f19e3.jpg,Val
dish_90_IMG_8121_jpeg.rf.240b478826fe19007359d003966795bb.jpg,Val
dish_91_IMG_8135_jpeg.rf.248022dd16ba41030e81e89f8224ced7.jpg,Train
dish_91_IMG_8145_jpeg.rf.e039d9356a496193a709949cdc8154af.jpg,Train
dish_91_IMG_8156_jpeg.rf.70772d5be32584e4210637cca34c3940.jpg,Train
dish_91_IMG_8159_jpeg.rf.2c656f68e39f2238623d5892c75b3d27.jpg,Train
dish_92_IMG_8173_jpeg.rf.f4c77c9b8b20f9340fd79cc1041157c2.jpg,Train
dish_92_IMG_8185_jpeg.rf.60041d948766840261dd484aa6ba58f4.jpg,Train
dish_92_IMG_8196_jpeg.rf.5f2f0e3a80cc8db1d26113f5de316146.jpg,Train
dish_92_IMG_8198_jpeg.rf.e1db5ae0ae3ac7f70502eada42c60419.jpg,Train
dish_93_IMG_8213_jpeg.rf.1dbc188fca9ec2e4bc28869b4c12c1dc.jpg,Train
dish_93_IMG_8216_jpeg.rf.3cf63f6e115a63fee23cf4d556b25c4a.jpg,Train
dish_93_IMG_8231_jpeg.rf.40c33268bfa75ce39a7b694126ce9034.jpg,Train
dish_93_IMG_8234_jpeg.rf.d0dfc4f711b6bbaf0d3747bbeb72fc98.jpg,Train
dish_94_IMG_8243_jpeg.rf.d831f410178a0b2fcaeacc959839cec8.jpg,Train
dish_94_IMG_8245_jpeg.rf.f03ca4b9de2cf3580b1c6c9b759865cb.jpg,Train
dish_94_IMG_8258_jpeg.rf.7d99a4135c6400859751761af3ff7de8.jpg,Train
dish_94_IMG_8259_jpeg.rf.4229a3be0540aade18450ae009492a64.jpg,Train
dish_95_IMG_8289_jpeg.rf.f5105b99f4947e34cd27b483662900aa.jpg,Train
dish_95_IMG_8291_jpeg.rf.e4f3cc5384ab1e74c5bba01355997bde.jpg,Train
dish_95_IMG_8292_jpeg.rf.ecd8a3ab5fe3dd7b2aebb83af3170b51.jpg,Train
dish_95_IMG_8295_jpeg.rf.617af9e797ebaee2adfdd920be08d2e8.jpg,Train
dish_96_IMG_8329_jpeg.rf.d740404f61fd0b3e6f9cb2e1408a9308.jpg,Train
dish_96_IMG_8339_jpeg.rf.06e0176ea07cc46e6952c372bb4413da.jpg,Train
dish_96_IMG_8343_jpeg.rf.455c6edddf5831e85c8cb86a9d3e5a95.jpg,Train
dish_96_IMG_8345_jpeg.rf.76c4ef52a52d3f641aa5737b852fcfdc.jpg,Train
dish_97_IMG_8355_jpeg.rf.68e84add8d06fdc4209e9c08b821473a.jpg,Val
dish_97_IMG_8359_jpeg.rf.7e3d1ed9b1332e88771f311c51940638.jpg,Val
dish_97_IMG_8367_jpeg.rf.fd0a0f7ebad23dc9b098718271a39092.jpg,Val
dish_97_IMG_8374_jpeg.rf.65db9f72183c6625a3f376010c2d25ff.jpg,Val
dish_98_IMG_8397_jpeg.rf.24c6df0a69a4598699eaf6460230e49a.jpg,Val
dish_98_IMG_8402_jpeg.rf.f9c08424ea4d6b56b3fcf4055f05379a.jpg,Val
dish_98_IMG_8411_jpeg.rf.a2601abd8735f1d23cb0d6f7d003bf07.jpg,Val
dish_98_IMG_8418_jpeg.rf.7fdbd4932de8344c98fe099a887aa9c9.jpg,Val
dish_99_IMG_8436_jpeg.rf.e8d443898e2f6d0234118f47b82cd8d7.jpg,Val
dish_99_IMG_8450_jpeg.rf.28fefbd973cea911ac4167738a56ddf9.jpg,Val
dish_99_IMG_8451_jpeg.rf.6036a0f70ac1798d1751a0f643fd70a1.jpg,Val
dish_99_IMG_8457_jpeg.rf.c9a0d5bdffa55c6d31f1cafe864411cd.jpg,Val
